Date,last_quote,strike,exp_price,exp_call_price,days,r,prob_itm
2018-01-02,268.81,269.0,269.056554867425,4.793532234382164,22,1.29,0.492236
2018-01-03,270.47,270.0,270.69958869319305,4.88303518081123,21,1.29,0.515376
2018-01-04,271.56,272.0,271.7667541352486,4.313546355285282,20,1.28,0.483992
2018-01-05,273.41,273.0,273.64266496201907,4.894045543975496,21,1.27,0.51402
2018-01-08,273.94,274.0,274.22520544683084,4.8644879608502105,23,1.3,0.4983
2018-01-09,274.53,275.0,274.75367650962664,4.520158352030482,22,1.27,0.483332
2018-01-10,274.08,274.0,274.26451126988235,4.654993722109417,21,1.31,0.500596
2018-01-11,276.09,276.0,276.3183900496612,4.565902327596653,20,1.32,0.503524
2018-01-12,277.91,278.0,278.15298821062646,4.625222091079112,21,1.31,0.49648
2018-01-16,276.96,275.0,277.2273693362517,5.864329916843781,22,1.33,0.565256
2018-01-17,279.61,280.0,279.8366266250105,4.538178856839207,21,1.31,0.487812
2018-01-18,279.18,280.0,279.4084984119854,4.142749956475778,20,1.29,0.47118
2018-01-19,280.41,280.0,280.65072085465584,4.954899646925887,21,1.28,0.514344
2018-01-22,282.69,285.0,282.9945774717569,3.987735966930689,23,1.27,0.426912
2018-01-23,283.24,285.0,283.4894175590268,4.117513689121768,22,1.26,0.441204
2018-01-24,283.12,285.0,283.3662557385268,4.061971118380375,21,1.25,0.438196
2018-01-25,283.3,285.0,283.55982020208336,4.105423831390689,20,1.23,0.443752
2018-01-26,286.56,286.5,286.8001032644547,5.122310863968889,21,1.24,0.501008
2018-01-29,284.64,284.5,284.8997619932073,5.301341304423946,23,1.28,0.50324
2018-01-30,281.6,281.5,281.9057463747566,5.293539822292521,22,1.49,0.503276
2018-01-31,282.02,282.0,282.34125501510675,5.2340241500232425,21,1.43,0.502144
2018-02-01,281.58,281.5,281.8948799426879,5.144994362276398,20,1.41,0.504552
2018-02-02,275.52,275.5,275.79475224892803,5.202480293196458,21,1.4,0.499704
2018-02-05,263.93,265.0,264.23864716838375,4.895822739449301,23,1.4,0.467016
2018-02-06,269.17,269.0,269.4966593955702,5.824362333879874,22,1.48,0.504664
2018-02-07,267.63,268.0,268.0128051302654,5.577923456616447,21,1.36,0.489988
2018-02-08,257.77,260.0,258.1148546759276,4.620566879187211,20,1.32,0.435124
2018-02-09,261.7,262.0,262.05932928329133,5.899418812933848,21,1.31,0.48928
2018-02-12,265.22,265.0,265.6267659608903,6.4590643214192305,23,1.35,0.505
2018-02-13,266.07,266.0,266.5021353687121,6.360234885922566,22,1.34,0.502476
2018-02-14,269.59,270.0,270.0763235128494,6.174057413701259,21,1.32,0.490916
2018-02-15,272.93,273.0,273.3529904472312,6.269813530550618,20,1.3,0.498052
2018-02-16,273.16,273.0,273.59443703483714,6.548001595106528,21,1.35,0.502144
2018-02-20,271.44,271.0,271.92752736439047,6.54377775819795,20,1.39,0.512376
2018-02-21,269.97,270.0,270.4312747902669,6.34777011019217,21,1.4,0.499128
2018-02-22,270.31,270.0,270.70634822707757,6.368094202841053,20,1.34,0.507764
2018-02-23,274.67,275.0,275.08653490815044,6.264820995853396,21,1.38,0.49066
2018-02-26,277.88,278.0,278.3421418717522,6.458355759162011,21,1.39,0.497436
2018-02-27,274.37,274.0,274.8351451635841,6.537084625789825,20,1.49,0.510632
2018-02-28,271.34,271.0,271.7874993856503,6.564472828563835,21,1.5,0.509148
2018-03-01,267.7,268.0,268.0886600100691,6.065741240607619,20,1.5,0.490256
2018-03-02,269.1,269.0,269.61241693948404,6.487354795084352,21,1.5,0.503892
2018-03-05,272.15,272.0,272.59034161534606,6.547713764121764,21,1.53,0.503344
2018-03-06,272.95,273.0,273.3720395883442,6.0725130187181575,20,1.56,0.499304
2018-03-07,272.85,273.0,273.3093792688251,6.134069394227879,21,1.57,0.496412
2018-03-08,274.09,274.0,274.4485495998858,5.930673126783336,21,1.57,0.50198
2018-03-09,278.76,279.0,279.156044610102,5.535084741411824,20,1.57,0.494624
2018-03-12,278.51,279.0,278.84555316852595,5.4663354256749646,21,1.6,0.485624
2018-03-13,276.71,277.0,276.9916718303856,5.113772811292281,20,1.64,0.490568
2018-03-14,275.24,275.0,275.58472974695627,5.507840240835519,21,1.71,0.5084
2018-03-15,275.01,275.0,275.3306225020492,5.235157276319123,20,1.7,0.501084
2018-03-16,274.22,274.0,274.55860794413223,5.447524900656837,21,1.71,0.509004
2018-03-19,270.61,270.0,270.9517868255124,5.593861425297646,21,1.7,0.519992
2018-03-20,270.93,270.0,271.2142428158069,5.519757143259039,20,1.76,0.530312
2018-03-21,270.4,270.0,270.6648632937703,5.3016008576346465,21,1.71,0.511748
2018-03-22,263.75,264.0,263.98170019771015,4.788581592580469,20,1.67,0.491036
2018-03-23,258.01,258.0,258.30935812350566,5.05894901700057,21,1.69,0.500016
2018-03-26,265.14,265.0,265.43942233881194,5.302372814468042,21,1.71,0.504252
2018-03-27,260.5,260.0,260.86271868047095,5.388409276042443,20,1.69,0.517876
2018-03-28,259.82,260.0,260.10982944330436,5.146790964124099,21,1.65,0.493468
2018-03-29,263.49,265.0,263.7577053911428,4.368683129431016,20,1.63,0.450732
2018-04-02,257.54,260.0,257.84895396612416,4.069744847950934,21,1.68,0.421876
2018-04-03,260.73,260.5,261.0521599227347,5.260665289566365,20,1.7,0.508068
2018-04-04,263.78,265.0,264.1238334756653,4.7748313864646015,21,1.67,0.463424
2018-04-05,265.59,265.5,265.8919134964329,5.32735175283947,20,1.67,0.502516
2018-04-06,259.8,260.0,260.1520907487968,5.277662652276609,21,1.68,0.493896
2018-04-09,260.83,261.0,261.18344277303913,5.362626470254412,21,1.67,0.495668
2018-04-10,265.05,265.0,265.37341158128936,5.462584586275538,20,1.63,0.50112
2018-04-11,263.74,265.0,264.09194324121086,4.913150437055115,21,1.64,0.462332
2018-04-12,265.93,265.0,266.2368179887887,5.871388489114972,20,1.65,0.527244
2018-04-13,265.09,265.0,265.40649222213335,5.520553399995024,21,1.64,0.50196
2018-04-16,267.32,265.0,267.64657717336803,6.753578756261495,21,1.64,0.568268
2018-04-17,270.14,270.0,270.45153577463,5.466685498475532,20,1.68,0.503788
2018-04-18,270.37,270.0,270.71070034665087,5.676877153895556,21,1.67,0.511596
2018-04-19,268.86,270.0,269.2206443786473,4.844455351139806,20,1.67,0.465692
2018-04-20,266.63,267.0,266.9613542223811,5.260319825437858,21,1.65,0.489256
2018-04-23,266.57,265.0,266.8537018589064,6.151724942537544,21,1.69,0.546752
2018-04-24,263.04,263.0,263.3242072994459,5.029175887200269,20,1.7,0.500616
2018-04-25,263.63,264.0,263.9807087035238,4.996116485901867,21,1.65,0.490632
2018-04-26,266.24,266.0,266.5243291819123,5.059844084541057,20,1.62,0.507804
2018-04-27,266.58,266.5,266.8605778799207,5.065825690260699,21,1.62,0.502412
2018-04-30,264.46,264.0,264.77017851696877,5.207633382374815,21,1.65,0.517048
2018-05-01,265.01,265.0,265.2713117241354,4.67182347525169,20,1.68,0.500972
2018-05-02,263.18,263.0,263.46799680560974,4.848547495272149,21,1.69,0.50754
2018-05-03,262.59,263.0,262.86989123710646,4.444067010888751,20,1.68,0.488328
2018-05-04,266.01,266.0,266.2685791188414,4.821469501617459,21,1.67,0.500236
2018-05-07,266.92,267.0,267.1941762266958,4.859432117462688,22,1.69,0.497412
2018-05-08,266.9,267.0,267.11302024798954,4.540468285952511,21,1.69,0.49554
2018-05-09,269.48,269.5,269.75142885878455,4.605517146250678,21,1.68,0.50074
2018-05-10,272.06,272.0,272.27875401026995,4.539222017565172,20,1.69,0.501568
2018-05-11,272.64,272.5,272.86087089948313,4.66879577326555,21,1.68,0.50482
2018-05-14,272.91,273.0,273.11111665316906,4.506756855030354,21,1.7,0.495192
2018-05-15,271.04,271.0,271.28105943825733,4.507582270447619,20,1.69,0.501388
2018-05-16,272.22,272.0,272.52308890425337,4.732678198642008,21,1.69,0.509296
2018-05-17,272.03,272.0,272.2752679908862,4.476877456490009,20,1.7,0.503168
2018-05-18,271.34,271.5,271.582664490422,4.4785878862616775,21,1.68,0.493912
2018-05-21,273.35,273.5,273.5498053278338,4.417507753039801,21,1.71,0.49294
2018-05-22,272.57,272.5,272.8194705542326,4.383012835964917,20,1.73,0.503924
2018-05-23,273.35,273.5,273.5591257122996,4.355652947639742,21,1.76,0.495156
2018-05-24,272.85,273.0,273.04853342365874,4.204549704330427,20,1.74,0.495404
2018-05-25,272.18,272.0,272.41638412430325,4.460297941366566,21,1.7,0.508152
2018-05-29,269.11,269.0,269.3241368633741,4.318067664922032,20,1.77,0.505296
2018-05-30,272.59,272.5,272.8153914266907,4.473762118943334,21,1.77,0.503472
2018-05-31,270.76,271.0,270.99502148915906,4.185068615495921,20,1.76,0.49138
2018-06-01,273.63,273.5,273.84674031135495,4.5112213588459245,21,1.74,0.504464
2018-06-04,274.92,275.0,275.1076796107002,4.284551191654195,21,1.77,0.496768
2018-06-05,275.19,275.0,275.3797103131816,4.275961370544381,20,1.82,0.507444
2018-06-06,277.5,277.5,277.65879832094316,4.296247199807381,21,1.81,0.49898
2018-06-07,277.37,277.5,277.56362281679725,4.170279611148947,20,1.78,0.494996
2018-06-08,278.15,278.0,278.3595613979539,4.432509166337736,21,1.78,0.505624
2018-06-11,278.55,279.0,278.7590364114343,4.126415913094531,21,1.82,0.483484
2018-06-12,279.01,279.0,279.20493589157456,4.368368980691214,21,1.81,0.499204
2018-06-13,277.91,278.0,278.1363626597691,4.221498342666765,20,1.82,0.497028
2018-06-14,278.76,279.0,278.9907303652778,4.407453224033554,22,1.81,0.491436
2018-06-15,277.16,277.0,277.36082216196763,4.536180259825206,21,1.82,0.506008
2018-06-18,276.57,277.0,276.8005416624866,4.252282497131769,21,1.84,0.485736
2018-06-19,275.48,275.0,275.6504856700034,4.62351557756294,20,1.85,0.51576
2018-06-20,276.04,276.0,276.2554277728341,4.50926262975149,21,1.85,0.501336
2018-06-21,274.21,274.0,274.4221714826838,4.506245382239333,20,1.85,0.508132
2018-06-22,274.72,274.5,274.95608417444026,4.6178872270384,21,1.83,0.507496
2018-06-25,270.92,271.0,271.15136399553194,4.4950839744570406,21,1.8,0.497168
2018-06-26,271.55,272.0,271.76935554003023,4.159764215792818,20,1.79,0.48418
2018-06-27,269.48,269.0,269.69887882553786,4.751770820482323,21,1.79,0.517
2018-06-28,270.94,271.0,271.1832364709153,4.392084208384594,20,1.76,0.498728
2018-06-29,271.2,271.0,271.46872643762157,4.675273931212343,21,1.77,0.508816
2018-07-02,272.0,272.0,272.24000625456165,4.5680462322698245,21,1.9,0.49944
2018-07-03,270.9,271.0,271.1500724060456,4.419085340217974,20,1.91,0.497868
2018-07-05,273.06,273.0,273.2513114791608,4.5065029725281125,20,1.87,0.50076
2018-07-06,275.4,275.5,275.6473047172979,4.594660708965224,21,1.86,0.4968
2018-07-09,277.92,278.0,278.1225504935754,4.57624889450892,21,1.87,0.497076
2018-07-10,278.84,279.0,279.069474678698,4.464650245815161,20,1.88,0.494084
2018-07-11,276.85,277.0,277.08301472428724,4.555952676239887,21,1.89,0.4945
2018-07-12,279.31,279.0,279.5014791135972,4.6761514098640244,20,1.89,0.509304
2018-07-13,279.58,279.5,279.8219328218711,4.639770629971766,21,1.87,0.502936
2018-07-16,279.3,279.0,279.53563610908276,4.7233273234765525,21,1.9,0.510868
2018-07-17,280.48,280.5,280.6933404922723,4.379595642094116,20,1.93,0.500104
2018-07-18,281.07,281.0,281.2982776775283,4.51759776022261,21,1.9,0.503584
2018-07-19,279.95,280.0,280.18494725685645,4.305663766091415,20,1.89,0.499256
2018-07-20,279.71,279.5,279.97051002139375,4.578211686191443,21,1.86,0.509912
2018-07-23,280.24,280.0,280.4481143257681,4.529489667269627,21,1.88,0.509228
2018-07-24,281.52,281.5,281.6821313364097,4.217999832102126,20,1.92,0.500452
2018-07-25,284.14,284.0,284.33512730848,4.47505161066643,21,1.9,0.505616
2018-07-26,283.26,283.0,283.47148489984255,4.3426884080627355,20,1.89,0.511136
2018-07-27,281.4,281.5,281.6182741060707,4.2629404673276285,21,1.9,0.497324
2018-07-30,279.84,280.0,280.0319856199784,4.159660572026654,21,1.91,0.494076
2018-07-31,281.19,281.0,281.4186770885447,4.232267147875109,20,1.94,0.50986
2018-08-01,280.91,281.0,281.1126921557203,4.159523614004565,21,1.93,0.49592
2018-08-02,282.39,282.0,282.57226463617553,4.361870369139799,20,1.89,0.515556
2018-08-03,283.63,284.0,283.8320626822753,4.099928528959656,21,1.9,0.485488
2018-08-06,284.67,285.0,284.8776624751316,4.0886310530927865,21,1.92,0.488776
2018-08-07,285.54,286.0,285.72162476791067,3.9376018213158175,20,1.96,0.481128
2018-08-08,285.42,285.0,285.61851709775306,4.450007328190471,21,1.93,0.516336
2018-08-09,285.12,285.0,285.2834490620134,4.102513024063065,20,1.91,0.50444
2018-08-10,283.15,283.0,283.31531482935173,4.2160117684145915,21,1.92,0.50486
2018-08-13,282.0,282.0,282.20922117595666,4.262161554291168,22,1.93,0.500516
2018-08-14,283.86,284.0,284.0293702937098,4.106987219044943,21,1.96,0.493124
2018-08-15,281.66,282.0,281.840114760661,4.0679942108924525,21,1.96,0.487584
2018-08-16,284.07,284.0,284.27010176000283,4.274701278546993,20,1.96,0.502496
2018-08-17,285.03,285.0,285.19903177649104,4.347728576274943,21,1.95,0.500864
2018-08-20,285.7,286.0,285.8692161472615,4.124971488066029,21,1.93,0.488844
2018-08-21,286.33,286.0,286.5356199049548,4.39042349786318,20,1.94,0.513916
2018-08-22,286.22,286.0,286.38129394405547,4.394007524117084,21,1.95,0.507736
2018-08-23,285.77,286.0,285.90404625714655,3.997249735601468,20,1.94,0.488144
2018-08-24,287.54,287.5,287.7150467467533,4.278100617142146,21,1.95,0.50172
2018-08-27,289.64,290.0,289.8325625018375,4.081734048396148,21,1.96,0.485632
2018-08-28,289.82,290.0,289.9926954825799,4.011618234139549,20,1.96,0.492232
2018-08-29,291.51,291.0,291.71437332249945,4.514552498600515,21,1.97,0.52134
2018-08-30,290.24,290.0,290.39589291646854,4.2215721292516335,20,1.97,0.508716
2018-08-31,290.25,290.0,290.4198473479074,4.364151663796346,21,1.95,0.509372
2018-09-04,289.86,290.0,290.02937746023974,4.09276901808602,20,2.0,0.493476
2018-09-05,289.02,289.0,289.20324303783696,4.310169603702326,21,2.0,0.49984
2018-09-06,288.1,288.0,288.27333210306745,4.286099531820235,20,1.98,0.5032
2018-09-07,287.55,288.0,287.79577780961563,4.1823599071243995,21,1.98,0.486324
2018-09-10,288.11,288.0,288.30683356638883,4.4598533665827,21,1.98,0.50396
2018-09-11,289.11,289.0,289.2846858355631,4.301734227835131,20,2.02,0.50328
2018-09-12,289.19,289.0,289.40822403270323,4.474179179016144,21,2.01,0.507212
2018-09-13,290.76,291.0,290.9388206990598,4.1016454725710165,20,2.01,0.489944
2018-09-14,290.9,291.0,291.07021123035196,4.252026173410727,21,2.02,0.494828
2018-09-17,289.32,289.0,289.5266111118843,4.4700609356058205,21,2.02,0.51234
2018-09-18,290.92,291.0,291.06828412067847,4.1934572116292825,20,2.05,0.494968
2018-09-19,291.25,291.0,291.4659190070554,4.479843147355718,21,2.03,0.509732
2018-09-20,293.6,294.0,293.78940223477673,4.152220901357733,20,2.03,0.48354
2018-09-21,292.04,292.5,292.2221392464764,4.275991759815677,21,2.05,0.482596
2018-09-24,291.06,291.0,291.31118237301206,4.572218496195827,21,2.07,0.504196
2018-09-25,290.73,291.0,290.9119896115238,4.245921955760759,20,2.12,0.488896
2018-09-26,289.82,290.0,290.04365333575714,4.428666762622588,21,2.11,0.493236
2018-09-27,290.65,291.0,290.8303731972768,4.260931112482345,20,2.1,0.487504
2018-09-28,290.6,290.5,290.7696806045772,4.5922850655284515,21,2.12,0.502288
2018-10-01,291.68,291.5,291.93012983516496,4.672081757306406,21,2.13,0.508064
2018-10-02,291.52,291.5,291.722390708687,4.439920197396545,20,2.14,0.500464
2018-10-03,291.72,291.5,291.9499347249802,4.675487329132456,21,2.15,0.50794
2018-10-04,289.36,289.5,289.56622951509496,4.404236583863769,20,2.16,0.494192
2018-10-05,287.78,288.0,288.0184351536989,4.527264429263402,21,2.15,0.49298
2018-10-08,287.8,288.0,288.016943672697,,21,,0.49334
2018-10-09,287.45,287.5,287.6676862880768,4.574918112547551,20,2.17,0.499232
2018-10-10,278.14,278.0,278.4080096484937,4.869180827625854,21,2.18,0.505684
2018-10-11,272.28,272.0,272.5528938501594,5.0840552687102125,20,2.14,0.509836
2018-10-12,276.01,276.0,276.32759033760726,5.272871720675066,21,2.14,0.49974
2018-10-15,274.51,275.0,274.8100004206114,5.062001365222308,21,2.17,0.484516
2018-10-16,280.45,280.0,280.7649084699984,5.625146515694476,20,2.19,0.51454
2018-10-17,280.35,280.0,280.6602775653996,5.712494074116082,21,2.2,0.509996
2018-10-18,276.37,276.0,276.6879807968061,5.634387235375466,20,2.19,0.511748
2018-10-19,276.17,276.0,276.5106509662069,5.727143564832786,21,2.19,0.504968
2018-10-22,275.06,275.0,275.3381061619665,5.582957527539765,21,2.18,0.499524
2018-10-23,273.63,274.0,273.97096925760377,5.415112965830181,20,2.21,0.488524
2018-10-24,265.02,265.0,265.38348775766957,5.66448939640794,21,2.2,0.499748
2018-10-25,270.18,270.0,270.53858657256313,5.857114735997918,20,2.19,0.503384
2018-10-26,265.3,265.0,265.7079110736851,6.049695865897317,21,2.16,0.51014
2018-10-29,263.77,264.0,264.2230455708569,5.887038627859221,21,2.17,0.49588
2018-10-30,267.85,268.0,268.24305477105975,6.027551230309413,20,2.21,0.496352
2018-10-31,270.69,271.0,271.11848842665444,6.191203189552257,21,2.2,0.491392
2018-11-01,273.56,274.0,274.0050830042371,6.090154318050043,20,2.21,0.48854
2018-11-02,271.77,272.0,272.1682081394688,6.250951842091363,21,2.19,0.492072
2018-11-05,273.37,273.0,273.8606469107575,6.628011387779418,21,2.2,0.51112
2018-11-06,275.11,275.0,275.51958700259974,6.357579613285102,20,2.23,0.503512
2018-11-07,280.99,281.0,281.41997401592874,6.564170697423614,21,2.23,0.500464
2018-11-08,280.43,280.0,280.7846856182958,6.244159628994324,20,2.21,0.510544
2018-11-09,277.86,278.0,278.27435091817455,6.03814104544892,21,2.21,0.497748
2018-11-12,272.46,272.0,272.82412645077875,,21,,0.512788
2018-11-13,272.06,272.0,272.41303202243654,5.776289193547759,20,2.24,0.501592
2018-11-14,270.11,270.0,270.49395967480353,5.911536676569301,21,2.24,0.503868
2018-11-15,273.05,273.0,273.44770564651236,5.828658589824794,20,2.2,0.5026
2018-11-16,273.7,273.5,274.09907593059995,6.047123950270374,21,2.21,0.50562
2018-11-19,269.11,269.0,269.5177757078181,5.894465583519342,21,2.23,0.50466
2018-11-20,264.19,264.0,264.4954398853702,5.667277548500178,20,2.23,0.50422
2018-11-21,265.09,265.0,265.4420884850666,5.757378207060661,21,2.25,0.50134
2018-11-23,263.25,263.0,263.57146397332355,5.612237254219213,21,2.25,0.50694
2018-11-26,267.46,267.0,267.7889470985566,5.761477522745672,21,2.24,0.513388
2018-11-27,268.34,268.0,268.6406784090492,5.3547348998849795,20,2.31,0.510604
2018-11-28,274.51,275.0,274.8402711008358,5.236074898984283,21,2.31,0.485432
2018-11-29,273.96,274.0,274.259278943602,5.174436644628354,20,2.31,0.499288
2018-11-30,275.87,276.5,276.1546901406563,5.023471506758633,21,2.31,0.47976
2018-12-03,279.22,279.0,279.50568469560415,5.518391236695334,21,2.3,0.506328
2018-12-04,270.32,259.0,270.59229240665474,12.82624213238415,21,2.37,0.812416
2018-12-05,270.25,270.0,270.5368965284588,,21,,0.507204
2018-12-06,269.84,270.0,270.21458322928714,5.367776048924786,20,2.36,0.496876
2018-12-07,263.63,264.0,263.9749621507244,5.319484071395329,21,2.32,0.487368
2018-12-10,264.1,264.0,264.45664514831367,5.6261334786336885,21,2.32,0.504044
2018-12-11,264.13,264.0,264.45388400338703,5.58507029931694,20,2.28,0.502988
2018-12-12,265.49,265.0,265.8490833069583,5.913295880081333,21,2.3,0.514416
2018-12-13,265.39,265.0,265.7026757296787,5.7283972632900415,20,2.36,0.510784
2018-12-14,260.52,261.0,260.8937063156031,5.357270261897751,21,2.36,0.486916
2018-12-17,255.3,255.0,255.65540103968073,5.6662520053810566,21,2.36,0.50918
2018-12-18,255.13,255.0,255.49540848551237,5.446311371341764,20,2.35,0.504208
2018-12-19,251.25,251.0,251.61696960956783,5.654678736060159,21,2.35,0.507256
2018-12-20,247.29,247.0,247.63301888419116,5.628922222009282,20,2.42,0.508756
2018-12-21,240.72,241.0,241.07107007470842,5.426888847665064,21,2.41,0.489632
2018-12-24,234.34,234.0,234.71088849395255,5.686662011387743,21,2.42,0.509016
2018-12-26,246.02,246.0,246.49742859193782,6.018128076567881,21,2.41,0.502532
2018-12-27,248.21,248.0,248.66224333169154,6.160128561119743,20,2.43,0.506584
2018-12-28,247.8,248.0,248.26728228892352,6.110670194357317,21,2.39,0.494196
2018-12-31,250.1,250.0,250.58102714005292,6.464540666409137,22,2.44,0.503228
2019-01-02,250.2,250.0,250.59738726114395,6.366518267176601,21,2.4,0.502752
2019-01-03,244.09,244.0,244.567948164264,6.1727773320996215,20,2.42,0.504184
2019-01-04,252.44,252.5,252.95679827562245,6.467564719963786,21,2.4,0.499048
2019-01-07,254.29,254.0,254.75969317081322,6.584922854820501,21,2.42,0.50688
2019-01-08,256.72,256.5,257.23638442873164,6.38834583498444,20,2.4,0.507968
2019-01-09,257.8,258.0,258.23513868109256,6.254457200261078,21,2.4,0.49516
2019-01-10,258.96,259.0,259.3720235290843,6.1769343687479195,20,2.42,0.498616
2019-01-11,258.91,259.0,259.353228236203,6.223998749086301,21,2.41,0.497304
2019-01-14,257.45,257.0,257.8540761740561,6.412950803672205,21,2.42,0.51006
2019-01-15,260.36,260.0,260.8030784119554,6.3550504539921455,20,2.41,0.50988
2019-01-16,260.9,261.0,261.33756085424983,6.198578072547652,21,2.41,0.49756
2019-01-17,263.0,263.0,263.37936719568205,6.045308326208593,20,2.41,0.50002
2019-01-18,266.44,266.0,266.83840404022476,6.503461768429179,21,2.4,0.510216
2019-01-22,262.91,263.0,263.26465293219303,5.769620732863384,20,2.38,0.496492
2019-01-23,263.31,263.0,263.68132712295346,6.078773381163766,21,2.37,0.506968
2019-01-24,263.57,264.0,263.8817148351167,5.299395662616987,20,2.38,0.486076
2019-01-25,265.74,266.0,266.12888645591227,5.57659502693592,21,2.36,0.493664
2019-01-28,263.81,264.0,264.14984223897767,5.632942555765395,22,2.39,0.493888
2019-01-29,263.44,263.0,263.78115988590343,5.568390875931029,21,2.39,0.514528
2019-01-30,267.55,268.0,267.85649142404856,5.102986697425512,21,2.4,0.486752
2019-01-31,269.97,270.0,270.25059450732266,5.142114704458728,20,2.42,0.498344
2019-02-01,270.09,270.0,270.39885921208366,5.3129794678825695,21,2.41,0.501776
2019-02-04,272.02,272.0,272.34875038933455,5.23063961993013,21,2.41,0.503252
2019-02-05,273.17,273.0,273.47827469696534,5.087177215614812,20,2.39,0.506644
2019-02-06,272.72,272.5,272.9834476954246,5.163597442996904,21,2.4,0.507128
2019-02-07,270.22,270.0,270.4754381790324,4.9761436396709025,20,2.43,0.507972
2019-02-08,270.54,270.5,270.83861676556995,5.001073516785563,21,2.43,0.502076
2019-02-11,270.68,271.0,270.973300664946,4.7896190130276635,21,2.44,0.489844
2019-02-12,274.1,274.0,274.3727937704752,4.960147657072167,20,2.42,0.503092
2019-02-13,274.95,275.0,275.22900402893106,4.984941996361967,21,2.42,0.498316
2019-02-14,274.34,274.0,274.6159814175282,5.061505618511427,20,2.45,0.511708
2019-02-15,277.37,277.5,277.65136747545796,5.019221315184083,21,2.43,0.495832
2019-02-19,277.82,278.0,278.096990293156,4.753764398948235,20,2.44,0.495224
2019-02-20,278.39,278.0,278.65655356622284,5.15055426262236,21,2.41,0.513368
2019-02-21,277.39,277.0,277.6435177506255,4.953340114370585,20,2.43,0.51314
2019-02-22,279.13,279.0,279.3544374190654,4.936544639084924,21,2.43,0.503188
2019-02-25,279.46,279.0,279.67792100415323,5.1149313116527315,21,2.44,0.514844
2019-02-26,279.28,279.0,279.5223934409858,4.841643767372786,20,2.43,0.509852
2019-02-27,279.24,279.0,279.48130259238934,4.909583579201193,21,2.43,0.508192
2019-02-28,278.54,279.0,278.8002641447773,4.433245733025183,20,2.44,0.4851
2019-03-04,279.46,279.0,279.6700822408695,4.996875511763329,21,2.45,0.514736
2019-03-05,279.09,279.0,279.3569614702429,4.703987954989164,20,2.44,0.504848
2019-03-06,277.27,277.0,277.5329023048612,4.874706244682639,21,2.43,0.510048
2019-03-07,275.07,275.0,275.3008581943939,4.667253591202811,20,2.45,0.501128
2019-03-08,274.51,275.0,274.7237983256264,4.49782683820891,21,2.45,0.48082
2019-03-11,278.53,279.0,278.7908727528915,4.544656135355225,21,2.44,0.484584
2019-03-12,279.4,279.0,279.67341592087394,4.896585489941876,20,2.44,0.515276
2019-03-13,281.33,281.0,281.5596937015971,4.983601213395012,21,2.43,0.510344
2019-03-14,281.21,281.0,281.41826053685895,4.811772700222618,20,2.48,0.50598
2019-03-15,281.32,281.0,281.62291303075364,5.062702912551903,21,2.46,0.512748
2019-03-18,282.43,282.0,282.70894517820733,5.0639254799975495,21,2.47,0.515824
2019-03-19,282.47,282.0,282.720185578079,4.993710057051041,20,2.46,0.51614
2019-03-20,281.56,282.0,281.7863534987449,4.630353061032872,21,2.45,0.484084
2019-03-21,284.66,285.0,284.9286969861356,4.652083189917123,20,2.51,0.489264
2019-03-22,279.3,279.0,279.5815728854072,5.083668437725397,21,2.49,0.511944
2019-03-25,279.04,279.0,279.30245250039695,4.943652385700577,21,2.47,0.501196
2019-03-26,280.99,281.0,281.2079758389717,4.83529977524693,20,2.46,0.4971
2019-03-27,279.72,280.0,279.93302643986107,4.801476588735138,21,2.45,0.48954
2019-03-28,280.74,281.0,281.05682543842005,4.8806040726704545,21,2.44,0.493528
2019-03-29,282.69,282.5,282.9422493762467,5.012945384523132,20,2.43,0.506284
2019-04-01,285.85,286.0,286.1180346891886,5.008681416667184,21,2.42,0.494132
2019-04-02,285.98,286.0,286.25645445069546,4.903014512332752,20,2.43,0.499728
2019-04-03,286.51,286.5,286.8073546833739,5.044408854247986,21,2.42,0.502004
2019-04-04,287.23,287.0,287.4594908389215,4.932956494959687,20,2.43,0.506736
2019-04-05,288.55,288.5,288.79767085712257,4.954761777286651,21,2.42,0.50072
2019-04-08,288.86,289.0,289.09462416630583,4.813873464476093,21,2.43,0.49528
2019-04-09,287.3,287.5,287.51251505152356,4.64104150160878,20,2.42,0.492032
2019-04-10,288.29,288.5,288.5008198889371,4.7307449552804,21,2.4,0.491516
2019-04-11,288.23,288.0,288.44812799376894,4.803080340474676,20,2.42,0.50676
2019-04-12,290.17,290.0,290.4143443336545,4.925299763192811,21,2.41,0.506032
2019-04-15,289.98,290.0,290.211337758206,4.760199994993476,21,2.42,0.498876
2019-04-16,290.18,290.0,290.39150501199197,4.696750410625467,20,2.43,0.507496
2019-04-17,289.48,289.5,289.7051076061292,4.702469731504096,21,2.43,0.498688
2019-04-18,290.02,290.0,290.22791045897293,4.548158776227087,20,2.44,0.500292
2019-04-22,290.3,290.0,290.48047676883596,4.744126705656663,21,2.44,0.509168
2019-04-23,292.87,293.0,293.0610488152801,4.305589042881498,20,2.43,0.494804
2019-04-24,292.24,292.0,292.4377070235164,4.587573064388766,21,2.42,0.50788
2019-04-25,292.1,292.0,292.28267660860615,4.360332736898395,20,2.43,0.503
2019-04-26,293.48,293.5,293.6853672367469,4.420294026285347,21,2.42,0.499532
2019-04-29,293.8,294.0,294.01219215586843,4.337158499079383,21,2.45,0.492768
2019-04-30,294.0,294.0,294.1761705823876,4.281499193575898,20,2.43,0.499808
2019-05-01,291.81,292.0,292.0340454752635,4.303810340091293,21,2.42,0.494212
2019-05-02,291.26,291.0,291.4491461984474,4.4381829947756755,20,2.44,0.50988
2019-05-03,294.04,294.0,294.200896375198,4.465953591231771,21,2.42,0.499872
2019-05-06,292.86,293.0,293.0746785396792,4.560469420092046,22,2.43,0.495732
2019-05-07,288.02,288.0,288.1899617746135,4.618353458250169,21,2.44,0.49844
2019-05-08,287.56,288.0,287.81538787262195,4.479426315797869,21,2.42,0.485192
2019-05-09,286.73,287.0,286.9941992301083,4.528563212199294,20,2.43,0.493136
2019-05-10,287.98,288.0,288.25470242040683,4.861163143826213,21,2.42,0.49976
2019-05-13,280.99,281.0,281.21762113926826,4.842719990744954,21,2.41,0.498796
2019-05-14,283.3,283.0,283.54597434557076,4.970787805827823,20,2.41,0.510656
2019-05-15,285.04,285.0,285.32551609529264,5.022584697141577,21,2.4,0.502184
2019-05-16,287.55,288.0,287.8393683631245,4.759660427532263,20,2.4,0.485772
2019-05-17,285.91,286.0,286.16353774016534,5.0334325582415955,21,2.39,0.497116
2019-05-20,284.03,284.0,284.3084853740639,5.088743093761042,21,2.39,0.500624
2019-05-21,286.45,286.0,286.7242275127299,5.2517573086431755,20,2.37,0.514668
2019-05-22,285.64,286.0,285.89828328570553,4.91152133125806,21,2.36,0.48794
2019-05-23,282.32,282.0,282.6027400659013,5.183982501963312,20,2.38,0.511764
2019-05-28,280.17,280.0,280.4557981450071,5.111593159181587,20,2.35,0.506016
2019-05-29,278.27,278.0,278.54548362904535,5.254972369757524,21,2.35,0.508144
2019-05-30,278.98,279.0,279.2632550899543,4.9952915223465695,20,2.37,0.499872
2019-05-31,275.37,275.0,275.63378409313685,5.260128154694967,21,2.35,0.511516
2019-06-03,274.61,275.0,274.90137286613873,4.903180166498574,21,2.36,0.487636
2019-06-04,280.53,281.0,280.8330906846034,4.880095217912982,20,2.34,0.485344
2019-06-05,282.88,283.0,283.16171115637906,5.176265280923021,21,2.31,0.496724
2019-06-06,284.78,285.0,285.0497399440555,4.904629987248539,20,2.32,0.492736
2019-06-10,288.98,289.0,289.25120957514747,5.13120073087828,21,2.3,0.498812
2019-06-11,288.9,289.0,289.1655362105104,4.8166159022129165,20,2.27,0.496696
2019-06-12,288.3,288.0,288.5777494475018,5.084009603873157,21,2.19,0.510308
2019-06-13,289.58,290.0,289.81268826972604,4.551743033337472,20,2.24,0.484476
2019-06-14,289.23,289.0,289.4971834213699,4.9754406735977,21,2.23,0.508892
2019-06-17,289.48,289.0,289.6800476324096,5.005832840101854,21,2.22,0.514236
2019-06-18,292.33,292.0,292.54884067047783,4.848755982921111,20,2.18,0.511516
2019-06-19,293.05,293.0,293.2525296534409,4.8496295582380835,21,2.14,0.500664
2019-06-20,295.87,296.0,296.0929114835668,4.858056784838662,20,2.17,0.49434
2019-06-21,294.01,294.0,294.27197507514336,5.055379228655742,21,2.16,0.50024
2019-06-24,293.67,294.0,293.8985241824271,4.768911681470305,21,2.12,0.489456
2019-06-25,290.78,291.0,291.0060924363477,4.705868958059065,20,2.11,0.49272
2019-06-26,290.51,291.0,290.7537427812162,4.659589165361223,21,2.11,0.483264
2019-06-27,291.52,292.0,291.7078620366236,4.444378132099234,20,2.19,0.481984
2019-06-28,293.08,293.0,293.2847797249681,4.854032214763328,21,2.18,0.502588
2019-07-01,295.59,295.5,295.82041871785657,4.906264828351205,21,2.17,0.502688
2019-07-02,296.45,296.5,296.6191947351353,4.628923984004823,20,2.21,0.496388
2019-07-03,298.8,299.0,299.0597546155138,4.709979997752135,21,2.25,0.494064
2019-07-05,298.26,298.5,298.4564929848204,4.624393893747389,21,2.26,0.49136
2019-07-08,296.86,297.0,297.0578741439406,4.5994993988257225,21,2.23,0.494412
2019-07-09,297.23,297.0,297.43325559588027,4.622821452087808,20,2.22,0.507284
2019-07-10,298.61,298.5,298.8529581645416,4.704052226775293,21,2.18,0.50482
2019-07-11,299.32,299.5,299.5147020339164,4.464663428925549,20,2.17,0.493652
2019-07-12,300.65,301.0,300.88258382149377,4.476859065624742,21,2.16,0.488516
2019-07-15,300.84,301.0,301.0588558386233,4.554242835871004,21,2.17,0.495524
2019-07-16,299.78,300.0,300.001532817074,4.396640262315238,20,2.16,0.49356
2019-07-17,297.78,298.0,297.9798139685909,4.43432733103818,21,2.13,0.491964
2019-07-18,298.83,299.0,299.0238418285216,4.256592419369828,20,2.11,0.494148
2019-07-19,297.22,297.0,297.4458604221096,4.568193250410953,21,2.11,0.507872
2019-07-22,297.83,298.0,298.0239758185748,4.217260605700959,21,2.13,0.495132
2019-07-23,299.97,300.0,300.17950143858326,4.158723318769967,20,2.12,0.500928
2019-07-24,301.41,301.0,301.583698343263,4.478677377519605,21,2.1,0.515904
2019-07-25,299.96,300.0,300.14976481604384,4.078802140140643,20,2.16,0.499708
2019-07-26,301.98,302.0,302.1857233632246,4.222991648576238,21,2.13,0.50042
2019-07-29,301.49,301.0,301.6664425132513,4.445368061219152,21,2.12,0.519708
2019-07-30,300.79,301.0,300.96534951991464,3.910474023778423,20,2.07,0.492648
2019-07-31,297.21,297.0,297.39847283803357,4.283989943943967,21,2.01,0.508708
2019-08-01,295.0,295.0,295.1877452262562,4.2227143978078425,20,2.11,0.50048
2019-08-02,292.62,292.5,292.82336748570543,4.480970542010969,21,2.11,0.505516
2019-08-05,284.02,284.0,284.25503946100787,4.543180382041817,21,2.07,0.501444
2019-08-06,287.8,288.0,288.0108618861721,4.530478509790135,20,2.05,0.49268
2019-08-07,288.16,288.0,288.43678591718634,4.991762520011907,21,2.02,0.5059
2019-08-08,293.59,294.0,293.8634824047177,4.77103708804232,20,2.09,0.4873
2019-08-09,291.62,292.0,291.8595446268628,4.8750307999259235,21,2.05,0.48684
2019-08-12,288.12,288.0,288.3754706768112,5.175688282493589,22,2.09,0.503584
2019-08-13,292.42,292.0,292.6871390713056,5.451054115428618,21,2.05,0.512276
2019-08-14,283.96,284.0,284.2644777557048,5.229763662200451,21,1.98,0.498536
2019-08-15,284.67,285.0,284.98673682696483,5.111993966479933,20,2.08,0.490928
2019-08-16,288.85,289.0,289.14834740791866,5.408286772797655,21,2.05,0.494612
2019-08-19,292.32,292.0,292.66252803704646,5.692041504036422,21,2.06,0.511192
2019-08-20,290.02,290.0,290.3375624960759,5.4781747455651635,20,2.05,0.500772
2019-08-21,292.4,292.0,292.70031274382035,5.762255732327413,21,2.03,0.510452
2019-08-22,292.32,292.0,292.5836238651638,5.63274896985353,20,2.1,0.507756
2019-08-23,284.83,285.0,285.1427738701423,5.480781876008137,21,2.07,0.494876
2019-08-26,287.96,288.0,288.2820051846181,5.638911000231463,21,2.09,0.498164
2019-08-27,286.85,287.0,287.1866821139285,5.566870500513115,20,2.07,0.4972
2019-08-28,288.8,289.0,289.1328931093307,5.64915931545538,21,2.07,0.494432
2019-08-29,292.59,293.0,292.9471980456351,5.366974490814189,20,2.1,0.4895
2019-08-30,292.45,292.5,292.772498904772,5.60494225405718,21,2.1,0.500336
2019-09-03,290.75,291.0,291.0390773984489,5.13643418137461,20,2.06,0.492292
2019-09-04,293.99,294.0,294.2919971510718,5.389196850544376,21,2.05,0.498912
2019-09-05,297.82,298.0,298.09947041289496,5.078012935401029,20,2.05,0.495468
2019-09-06,298.1,298.0,298.38978856192045,5.306166598629924,21,2.05,0.503944
2019-09-09,298.2,298.0,298.45819703938383,5.286931603459537,21,2.04,0.504464
2019-09-10,298.09,298.0,298.3388209283906,5.052812240377695,20,2.04,0.50422
2019-09-11,300.3,300.0,300.515777690696,5.297702774576595,21,2.01,0.507896
2019-09-12,301.37,301.0,301.5724336067741,5.073595459893364,20,1.99,0.511812
2019-09-13,300.99,301.0,301.2717314815705,5.027639114697717,21,1.99,0.501032
2019-09-16,300.2,300.0,300.5134558036349,5.064647495038233,21,2.08,0.508964
2019-09-17,300.95,301.0,301.1385772330919,4.718058637904542,20,2.1,0.497316
2019-09-18,301.1,301.0,301.3314800775142,4.951677663098215,21,1.94,0.503604
2019-09-19,301.05,301.0,301.29596242225153,4.8866838615617345,20,2.01,0.50292
2019-09-20,298.09,298.0,298.2950095590996,5.005149582393996,21,1.95,0.500476
2019-09-23,298.28,298.0,298.5042703623587,5.0918981274730655,21,1.94,0.508736
2019-09-24,295.91,296.0,296.09469193444517,4.638822323607825,20,1.9,0.495356
2019-09-25,297.59,298.0,297.83372930584227,4.669905258730427,21,1.8,0.486912
2019-09-26,296.99,297.0,297.2029945402457,4.710520346361233,20,1.91,0.500936
2019-09-27,295.38,295.0,295.6496672473129,5.070279326765696,21,1.9,0.513972
2019-10-01,293.32,293.0,293.52244143054617,4.906109311338308,20,1.79,0.510576
2019-10-02,288.16,288.0,288.4041785207828,4.971260368846075,21,1.75,0.504172
2019-10-03,290.45,290.0,290.70110766954457,5.086067841869518,20,1.78,0.515108
2019-10-04,294.3,294.0,294.5765471313244,5.190723084842052,21,1.73,0.510364
2019-10-07,293.1,293.0,293.3776687774744,5.102973550966336,21,1.76,0.50436
2019-10-08,288.65,289.0,288.9203389282771,4.784357843226807,20,1.69,0.48844
2019-10-09,291.11,291.0,291.36344933237376,5.148711262359411,21,1.69,0.50268
2019-10-10,293.29,293.0,293.5686253788389,5.151595012579096,20,1.74,0.510428
2019-10-11,296.26,296.0,296.5434621066172,5.346328684661114,21,1.76,0.509088
2019-10-14,296.03,296.0,296.3648514606093,,21,,0.503564
2019-10-15,298.88,299.0,299.123138624672,5.066517886129378,20,1.74,0.495856
2019-10-16,298.46,298.0,298.7233469090541,5.4364466318418625,21,1.71,0.513276
2019-10-17,299.21,299.0,299.4412417616278,5.130687583591773,20,1.74,0.505708
2019-10-18,298.09,298.0,298.3674817011848,5.185747341267893,21,1.75,0.502392
2019-10-21,300.03,300.0,300.2669765521225,5.086966372546144,21,1.76,0.500604
2019-10-22,299.0,299.0,299.23951695076136,4.8916454060286565,20,1.75,0.500028
2019-10-23,299.83,300.0,300.09829611875807,4.893946973008469,21,1.74,0.49466
2019-10-24,300.42,300.0,300.66537004168055,5.033111669759459,20,1.75,0.515044
2019-10-25,301.59,302.0,301.84037353073774,4.725080499643754,21,1.73,0.487096
2019-10-28,303.34,303.0,303.56301020944767,5.02873807012643,21,1.74,0.511372
2019-10-29,303.14,303.0,303.35450064355433,4.745903614582783,20,1.66,0.504884
2019-10-30,304.21,304.0,304.4241106502591,4.888996991085748,21,1.61,0.50636
2019-10-31,303.29,303.0,303.4982697699175,4.651808523554074,20,1.59,0.511752
2019-11-01,306.19,306.0,306.4181278326317,4.798557783021817,21,1.58,0.506828
2019-11-04,307.37,307.0,307.56673974687175,4.882329918144661,21,1.58,0.511488
2019-11-05,307.04,307.0,307.2184748832855,4.471046502720457,20,1.56,0.50096
2019-11-06,307.07,307.0,307.2919982477944,4.620408061879224,21,1.55,0.502676
2019-11-07,308.21,308.0,308.42726539235593,4.556710067569942,20,1.57,0.509236
2019-11-08,308.97,309.0,309.1936733185514,4.555955398481027,21,1.56,0.499084
2019-11-11,308.36,308.0,308.51228210785206,,21,,0.509944
2019-11-12,308.96,309.0,309.1452479692075,4.320326217558085,20,1.56,0.497564
2019-11-13,309.15,309.0,309.33955639289843,4.543137244277251,21,1.56,0.5057
2019-11-14,309.54,310.0,309.71637173731136,4.146476804055175,20,1.59,0.483576
2019-11-15,311.81,312.0,312.04745630507523,4.471552497681702,21,1.59,0.494352
2019-11-18,311.98,312.0,312.148976917364,4.492990808096889,21,1.59,0.499324
2019-11-19,311.9,312.0,312.0896682290684,4.420253217279444,20,1.58,0.495364
2019-11-20,310.83,311.0,311.0641918198165,4.58744861782161,21,1.57,0.496172
2019-11-21,310.3,310.0,310.4963728745352,4.736655910411216,20,1.57,0.510736
2019-11-22,311.02,311.0,311.25230602786434,4.723347816490414,21,1.58,0.50178
2019-11-25,313.33,313.0,313.56426744725655,4.930969566893805,21,1.6,0.511288
2019-11-26,314.02,314.0,314.25779767390276,4.6845508383657455,20,1.63,0.500944
2019-11-27,315.42,315.0,315.58536797357186,4.980237252788473,21,1.65,0.512196
2019-11-29,314.31,314.0,314.5188881695278,4.89930324384904,21,1.62,0.5093
2019-12-02,311.66,312.0,311.9221978243931,4.572311572122446,21,1.6,0.490224
2019-12-03,309.51,310.0,309.7339116520001,4.462514119737607,21,1.56,0.484784
2019-12-04,311.5,311.0,311.7011122752081,4.847548491739124,20,1.59,0.517708
2019-12-05,312.09,312.0,312.3459909275093,4.860158839462969,22,1.52,0.50452
2019-12-06,314.83,315.0,315.0603711054566,4.673253015241361,21,1.52,0.49504
2019-12-09,313.9,314.0,314.1028714910065,4.637598771578033,21,1.54,0.496368
2019-12-10,313.58,314.0,313.79391969215493,4.494134732083199,21,1.53,0.485108
2019-12-11,314.33,314.0,314.55662409487064,4.8314553906833755,20,1.54,0.511916
2019-12-12,317.08,317.0,317.30656776191194,5.054383405219554,22,1.57,0.501904
2019-12-13,317.29,317.5,317.5337547400963,4.878055796116172,21,1.55,0.494296
2019-12-16,319.49,319.0,319.71825321624465,5.325473139955159,21,1.57,0.515224
2019-12-17,319.57,320.0,319.77783499228804,4.751144393386209,20,1.56,0.484612
2019-12-18,319.56,320.0,319.78302610382417,4.851324886269865,21,1.56,0.485068
2019-12-19,320.87,321.0,321.0958563121887,4.89956443378545,20,1.54,0.495568
2019-12-20,320.85,321.0,321.05469938181886,5.172236621473614,21,1.57,0.493288
2019-12-23,321.27,321.0,321.52749646119855,5.426327058891716,21,1.57,0.50822
2019-12-24,321.23,321.0,321.4409389038236,5.221902200428312,20,1.55,0.506656
2019-12-26,322.94,323.0,323.19479539616947,5.120876905982288,20,1.59,0.497252
2019-12-27,322.85,323.0,323.1374801640297,5.176666033173919,21,1.56,0.496592
2019-12-30,321.13,321.0,321.3993638150714,5.384563002324951,22,1.51,0.504804
2019-12-31,321.86,322.0,322.12724089149407,5.2224192982251525,21,1.48,0.4977
2020-01-02,324.87,325.0,325.09413381051763,5.056773287783942,20,1.53,0.495648
2020-01-03,322.43,322.5,322.7392640084485,5.264434705432775,21,1.52,0.4991
2020-01-06,323.68,324.0,323.96041495331025,5.167624972794055,21,1.54,0.490136
2020-01-07,322.74,323.0,322.9845449561012,5.050086082042382,20,1.52,0.491628
2020-01-08,324.39,324.0,324.6036111777301,5.513370929967857,21,1.5,0.51004
2020-01-09,326.59,327.0,326.82279974518406,5.089565259175604,20,1.53,0.486756
2020-01-10,325.64,325.5,325.930335284827,5.484746852876354,21,1.52,0.50372
2020-01-13,327.92,328.0,328.1838979350567,5.382615415668337,21,1.54,0.496832
2020-01-14,327.42,327.0,327.65751899543943,5.39694953354718,20,1.53,0.512688
2020-01-15,328.16,328.0,328.4154001549839,5.410209622175248,21,1.53,0.505152
2020-01-16,330.86,331.0,331.1024480236046,5.120848596375295,20,1.54,0.4955
2020-01-17,332.01,332.0,332.28508898505504,5.4408600607967115,21,1.54,0.500636
2020-01-21,331.29,331.0,331.5774729864086,5.458953928537091,20,1.52,0.511008
2020-01-22,331.35,331.0,331.63166673554815,5.59196200809242,21,1.52,0.511764
2020-01-23,331.8,332.0,332.04054550320353,4.989134804562102,20,1.55,0.492824
2020-01-24,328.74,329.0,328.9838338366583,5.10900286782499,21,1.54,0.491828
2020-01-27,323.51,324.0,323.82833047236693,5.12905223041604,22,1.53,0.48666
2020-01-28,326.88,327.0,327.1398435443147,5.369479296373599,21,1.53,0.497036
2020-01-29,326.62,327.0,326.86645706568225,5.236684360070103,21,1.52,0.487644
2020-01-30,327.62,328.0,327.92443169478184,5.241860417379997,20,1.59,0.489256
2020-01-31,321.75,322.0,322.0092241239563,5.398561484961407,21,1.56,0.492044
2020-02-03,324.12,324.0,324.3959311764789,5.644583172168276,21,1.56,0.503004
2020-02-04,329.06,329.0,329.3382234692175,5.579596459500895,20,1.55,0.501364
2020-02-05,332.84,333.0,333.15480187726047,5.677194343113808,21,1.55,0.495592
2020-02-06,333.93,334.0,334.23264253138495,5.60558571410204,20,1.59,0.49882
2020-02-07,332.24,332.0,332.5117038114567,5.860694779461852,21,1.57,0.505744
2020-02-10,334.75,335.0,335.1108821358002,5.690057471634449,21,1.58,0.49498
2020-02-11,335.27,335.0,335.5843065761646,5.840455751501941,20,1.57,0.507272
2020-02-12,337.44,337.0,337.75550849707395,6.049377462585895,21,1.57,0.512192
2020-02-13,337.17,337.0,337.46181839097045,5.726928151979914,20,1.59,0.504524
2020-02-14,337.6,337.5,337.92189198205097,5.862773330697548,21,1.6,0.503248
2020-02-18,336.73,337.0,337.02339049896375,5.458926611123977,20,1.61,0.491472
2020-02-19,338.32,338.0,338.6257410103292,5.87086888742821,21,1.61,0.50894
2020-02-20,336.99,337.0,337.2330412958929,5.557133598986455,20,1.61,0.498584
2020-02-21,333.45,333.0,333.7499914686238,5.9632821379665435,21,1.6,0.513876
2020-02-24,322.42,322.0,322.6842639985917,5.984859821223025,21,1.6,0.510116
2020-02-25,312.59,313.0,312.93045502656423,5.51650155412149,20,1.59,0.490328
2020-02-26,311.61,312.0,311.9550753908652,5.853950488789228,21,1.59,0.489864
2020-02-27,297.68,298.0,298.0287143495521,5.9063454705811615,20,1.56,0.490744
2020-02-28,296.24,296.0,296.6751495125939,6.763683219597808,21,1.45,0.505976
2020-03-02,308.9,309.0,309.42847244415236,7.148020570702879,21,1.41,0.49812
2020-03-03,300.32,300.0,300.79064971689394,7.287554149193425,20,1.11,0.507104
2020-03-04,313.05,313.0,313.6083324208247,7.744438818774723,21,1.0,0.499888
2020-03-05,302.51,303.0,303.04254396460396,7.297487491114902,20,0.92,0.488884
2020-03-06,297.46,297.5,298.0301853038067,7.71234433959682,21,0.79,0.499316
2020-03-09,274.48,274.0,275.065541717713,7.721559838255903,21,0.57,0.510096
2020-03-10,288.39,288.0,289.06845671432126,8.347327829614724,21,0.57,0.507364
2020-03-11,274.25,274.0,274.96264526846073,8.164565902989658,21,0.42,0.506408
2020-03-12,247.91,248.0,248.60321684983353,7.561512480629884,20,0.41,0.498532
2020-03-13,270.94,271.0,271.75785555366366,8.687844233378856,21,0.33,0.49928
2020-03-16,239.75,240.0,240.5588986279802,7.958481959894158,21,0.25,0.496008
2020-03-17,254.1,254.0,254.99041066789954,8.730331971493863,20,0.12,0.502616
2020-03-18,241.23,241.0,242.11277539695038,8.657888874804243,21,0.04,0.50528
2020-03-19,240.94,241.0,241.83352967463316,8.721457364557034,21,0.04,0.498852
2020-03-20,228.95,229.0,229.7989354259232,8.404241178640396,20,0.04,0.4976
2020-03-23,222.21,222.0,223.15166678967466,8.569232158298288,21,0.01,0.505516
2020-03-24,242.0,242.0,242.9509776941817,9.152112185970896,20,0.01,0.49932
2020-03-25,246.79,247.0,247.7880985531863,9.45478585657793,21,0.0,0.495932
2020-03-26,261.14,261.0,262.21950875827764,10.045333824486976,20,0.01,0.50294
2020-03-27,254.0,254.0,255.01808922591135,9.883869657542435,21,0.01,0.500932
2020-03-30,261.56,262.0,262.6323184803473,9.792778580679354,21,0.04,0.492728
2020-03-31,257.6,258.0,258.6773333908727,9.395719659703298,20,0.05,0.493312
2020-04-01,246.04,246.0,247.02779617411895,9.303254814712018,21,0.03,0.501428
2020-04-02,251.99,252.0,253.03345937952608,9.372285269577633,20,0.09,0.501184
2020-04-03,247.95,248.0,248.91441595968092,9.272688900843605,21,0.09,0.499072
2020-04-06,264.79,265.0,265.85482924598745,9.864059822472152,21,0.09,0.49648
2020-04-07,265.18,265.0,266.17343939232404,9.683659504595079,20,0.1,0.503936
2020-04-08,274.0,274.0,275.06178677600315,10.067686207481335,21,0.14,0.500324
2020-04-09,278.22,278.0,279.2309142791882,9.876758904137466,20,0.2,0.503456
2020-04-13,275.63,276.0,276.6044317790489,9.604180699354723,21,0.17,0.49474
2020-04-14,283.8,284.0,284.78937937479117,9.454331072499572,20,0.17,0.49732
2020-04-15,277.75,278.0,278.72081824078253,9.356253004373706,21,0.14,0.496848
2020-04-16,278.96,279.0,279.72384906481824,8.91239062888484,20,0.14,0.497388
2020-04-17,286.56,287.0,287.35560997024794,9.13517069576172,21,0.12,0.490528
2020-04-20,281.76,282.0,282.57928327340557,8.925541962134716,21,0.1,0.49492
2020-04-21,273.11,273.0,273.7381494192763,8.12416376447262,20,0.08,0.501364
2020-04-22,279.04,279.0,279.74974323947436,8.418334363178099,21,0.09,0.501072
2020-04-23,279.01,279.0,279.7138262887644,7.899871595117347,20,0.09,0.502172
2020-04-24,282.89,283.0,283.5047450907046,8.014677796230888,21,0.1,0.497168
2020-04-27,287.1,287.0,287.74015955178965,8.055389763968357,21,0.09,0.500992
2020-04-28,285.69,286.0,286.28694864067427,7.3998530684181825,20,0.08,0.493444
2020-04-29,293.15,293.0,293.77486283858644,7.986244941282624,21,0.1,0.503028
2020-04-30,290.26,290.0,290.83750562358426,7.576173014390952,20,0.1,0.506688
2020-05-01,282.83,283.0,283.380491506669,7.359404981190631,21,0.1,0.496232
2020-05-04,283.59,284.0,284.201153068912,7.3740170434768935,22,0.1,0.491636
2020-05-05,286.15,286.0,286.6724914627023,7.370542210027914,21,0.09,0.50358
2020-05-06,284.37,284.0,284.88739228094556,7.288825135445747,21,0.08,0.508332
2020-05-07,287.7,288.0,288.14243455876664,6.584437496596892,20,0.1,0.491508
2020-05-08,292.51,293.0,293.0224403964922,6.7414538524362335,21,0.1,0.488488
2020-05-11,292.62,293.0,293.0507401545627,6.593354507753707,21,0.09,0.490408
2020-05-12,286.55,287.0,287.03025176456134,6.240343375461747,20,0.1,0.489948
2020-05-13,281.48,281.0,281.98764368776256,6.792632443850868,21,0.1,0.513096
2020-05-14,285.04,285.0,285.45221069170793,6.438020525772793,20,0.09,0.500776
2020-05-15,286.29,286.0,286.72894597317713,6.763382827550834,21,0.09,0.506332
2020-05-18,294.94,295.0,295.4008355686554,6.772616397474789,21,0.1,0.497064
2020-05-19,292.21,292.0,292.61952778449484,6.591193858394155,20,0.09,0.504248
2020-05-20,296.99,297.0,297.45457663823527,6.763622082234734,21,0.08,0.4993
2020-05-21,294.84,295.0,295.27342524412165,6.449999806927479,20,0.09,0.49596
2020-05-22,295.48,295.0,295.9372462026807,6.881670433284742,21,0.09,0.512388
2020-05-26,299.2,299.0,299.6331065478982,6.690256504544272,20,0.1,0.505812
2020-05-27,303.55,304.0,303.9951640139523,6.628154327867203,21,0.11,0.489632
2020-05-28,303.02,303.0,303.42296830928717,6.625327362497236,20,0.14,0.500512
2020-05-29,304.04,304.0,304.43731874030095,6.827655761023238,21,0.13,0.499296
2020-06-01,305.45,305.0,305.86156844470156,6.970286255203265,21,0.12,0.510756
2020-06-02,308.08,308.0,308.4735056710012,6.606870030409294,20,0.12,0.501848
2020-06-03,312.09,312.0,312.48642583843423,6.8596107960482735,21,0.12,0.501136
2020-06-04,311.34,311.0,311.7483220399287,6.835321111443408,20,0.13,0.508696
2020-06-05,319.4,319.0,319.8694093355341,7.350077715214439,21,0.13,0.508064
2020-06-08,323.15,323.0,323.61823655457187,7.310690298563015,21,0.15,0.502672
2020-06-09,320.94,321.0,321.45019772925104,7.172385472357446,21,0.14,0.498612
2020-06-10,319.03,319.0,319.50032963834957,7.168208959067683,21,0.13,0.501056
2020-06-11,300.69,301.0,301.2039235319393,6.846195839756356,21,0.14,0.49322
2020-06-12,304.33,304.0,304.7991884593509,7.10310886146571,20,0.14,0.509056
2020-06-15,307.11,307.0,307.6130301294525,7.266898988439619,21,0.15,0.502824
2020-06-16,312.95,313.0,313.40813740745205,7.145132221897916,20,0.14,0.497256
2020-06-17,311.66,312.0,312.2398876355957,7.171858211132678,21,0.13,0.494788
2020-06-19,308.53,309.0,309.01593863580064,7.056424718921354,21,0.13,0.489304
2020-06-22,310.67,311.0,311.149401393284,7.168120723856074,21,0.14,0.492756
2020-06-23,311.99,312.0,312.5046140801709,7.232401889927315,20,0.12,0.500728
2020-06-24,304.15,304.0,304.6478977984986,7.327898450006571,21,0.11,0.503384
2020-06-25,307.31,307.0,307.82290570052817,7.335053424584737,20,0.13,0.509048
2020-06-26,299.98,300.0,300.55430063590137,7.250080730562183,21,0.12,0.502076
2020-06-29,304.44,304.0,304.907951312715,7.464044398733573,21,0.11,0.509624
2020-06-30,308.57,309.0,309.0629853476763,7.117391286870134,20,0.13,0.48872
2020-07-01,310.6,311.0,311.1325974075977,7.3044577660308345,21,0.12,0.491552
2020-07-02,312.22,312.0,312.69382919452966,7.455778293508782,20,0.13,0.503432
2020-07-06,317.01,317.0,317.55858127958976,7.607034712818242,21,0.12,0.500372
2020-07-07,313.75,314.0,314.21537152353187,7.142309502681329,20,0.12,0.492948
2020-07-08,316.16,316.0,316.71090441728427,7.519909685058672,21,0.11,0.505132
2020-07-09,314.57,315.0,315.070533758173,7.031613528150565,20,0.11,0.48944
2020-07-10,317.62,318.0,318.1107369299357,7.186959355808607,21,0.1,0.491
2020-07-13,314.85,315.0,315.3144825970904,7.065931337227005,21,0.11,0.49604
2020-07-14,318.89,319.0,319.3458889494276,6.769903435599195,20,0.11,0.498052
2020-07-15,321.98,322.0,322.47197032996826,7.042722851185337,21,0.12,0.499588
2020-07-16,320.86,321.0,321.3250646084282,6.619912819865833,20,0.12,0.499364
2020-07-17,321.7,322.0,322.1338763887713,6.707205624507222,21,0.11,0.492648
2020-07-20,324.27,324.0,324.704876923041,6.971771528284562,21,0.11,0.50664
2020-07-21,324.9,325.0,325.2695179839455,6.484066437235092,20,0.09,0.49638
2020-07-22,326.82,327.0,327.29611027269925,6.640349498524627,21,0.09,0.497348
2020-07-23,322.96,323.0,323.27767540349396,6.304428484455969,20,0.09,0.497436
2020-07-24,320.91,321.0,321.3041485940672,6.432716842275945,21,0.1,0.497068
2020-07-27,323.29,323.0,323.69492672796713,6.607380443109055,21,0.1,0.507548
2020-07-28,321.27,321.0,321.5739540334259,6.211362094551164,20,0.09,0.505112
2020-07-29,325.01,325.0,325.3326091246064,6.246422138268303,21,0.09,0.4995
2020-07-30,323.96,324.0,324.2874597284197,5.937635532760205,20,0.1,0.498664
2020-07-31,326.42,326.0,326.7201304064887,6.389816212404521,21,0.09,0.509376
2020-08-03,328.67,329.0,329.0044057084355,6.02711152799693,21,0.09,0.4898
2020-08-04,330.06,330.0,330.3750062013888,6.028360930710697,20,0.09,0.500944
2020-08-05,332.03,332.0,332.3548985384919,6.156297774281273,21,0.08,0.500296
2020-08-06,334.31,334.0,334.6499927957636,6.108022838616436,20,0.07,0.509288
2020-08-07,334.57,335.0,334.85436849491884,5.867174480682933,21,0.08,0.486916
2020-08-10,335.56,336.0,335.89003965886496,5.853000276918436,21,0.09,0.4881
2020-08-11,332.8,333.0,333.01470080387855,5.593497762346495,20,0.08,0.491812
2020-08-12,337.43,337.0,337.7410578733546,6.1659494249453175,21,0.08,0.512176
2020-08-13,336.82,337.0,337.12031631605373,5.596756428053815,20,0.08,0.49534
2020-08-14,336.85,337.0,337.107603313563,5.712803743971305,21,0.09,0.49418
2020-08-17,337.9,338.0,338.2338214903043,5.8672126378206215,22,0.09,0.498048
2020-08-18,338.58,339.0,338.89015644150794,5.522941460474935,21,0.08,0.489964
2020-08-19,337.13,337.0,337.4066664191954,5.790225733609672,21,0.07,0.502812
2020-08-20,338.31,338.0,338.5349295452681,5.645812652068059,20,0.08,0.507828
2020-08-21,339.45,339.0,339.67316569176666,5.850649678730785,21,0.07,0.51088
2020-08-24,342.89,343.0,343.18688583541564,5.6200582327208775,21,0.09,0.498344
2020-08-25,344.12,344.0,344.34178486075336,5.549281427099552,20,0.08,0.502
2020-08-26,347.63,348.0,347.93024344681345,5.533329605832548,21,0.08,0.4899
2020-08-27,348.33,348.0,348.59386516709117,5.721723493360821,20,0.09,0.509364
2020-08-28,350.57,351.0,350.8503835527425,5.535050661613526,21,0.09,0.487868
2020-08-31,349.37,349.0,349.6476325799447,5.851560192210588,21,0.08,0.510696
2020-09-01,352.67,353.0,352.8959262860678,5.419686080694939,20,0.09,0.489896
2020-09-02,357.78,358.0,358.0634330072101,5.790921694582922,21,0.1,0.494188
2020-09-03,345.53,346.0,345.7838145300469,5.588257099175736,20,0.1,0.48574
2020-09-04,342.52,343.0,342.83294565048897,5.9005601398875225,21,0.09,0.486828
2020-09-08,333.24,333.0,333.54114163871174,6.149092239700034,20,0.1,0.506308
2020-09-09,339.78,340.0,340.1500185941927,6.256485401075114,21,0.1,0.49366
2020-09-10,333.92,334.0,334.29159416453416,6.136149135925147,20,0.1,0.498588
2020-09-11,334.1,334.0,334.4715831672776,6.457013909787323,21,0.1,0.503128
2020-09-14,338.44,338.0,338.810604915864,6.740673471272181,21,0.1,0.510616
2020-09-15,340.12,340.0,340.49082555861423,6.544863838977719,20,0.09,0.50234
2020-09-16,338.88,339.0,339.2685643295805,6.597926852886621,21,0.08,0.496632
2020-09-17,335.84,336.0,336.1908659562914,6.46644858469241,20,0.09,0.496292
2020-09-18,330.75,331.0,331.14172739625934,6.5691800760488235,21,0.09,0.492768
2020-09-21,327.13,327.0,327.4843623596337,6.79561226189813,21,0.09,0.50142
2020-09-22,330.3,330.0,330.6732078820313,6.863872510313333,20,0.08,0.506948
2020-09-23,322.54,323.0,322.94576195061467,6.5250517068320235,21,0.08,0.48886
2020-09-24,323.42,323.0,323.8175443114935,6.941562172109056,20,0.08,0.511348
2020-09-25,328.68,329.0,329.11052974988223,6.855991389917149,21,0.08,0.491232
2020-09-28,334.25,334.0,334.67549164384695,7.242336751887548,21,0.09,0.504512
2020-09-29,332.43,332.0,332.8189554885879,7.153358609403231,20,0.07,0.50968
2020-09-30,334.87,335.0,335.380235163791,7.202765679515134,21,0.08,0.497804
2020-10-01,336.97,337.0,337.40396728850567,7.180589223456633,20,0.09,0.49942
2020-10-02,334.02,334.0,334.5171406597782,7.358954570188242,21,0.1,0.500572
2020-10-05,339.75,340.0,340.1899580812268,7.1075197305629985,21,0.09,0.494816
2020-10-06,334.95,335.0,335.37313322704364,6.78700130905049,20,0.08,0.49928
2020-10-07,340.75,341.0,341.1609572708719,6.8920726787979305,21,0.08,0.494232
2020-10-08,343.65,344.0,344.0724202526369,6.633322436293906,20,0.09,0.49278
2020-10-09,346.73,347.0,347.0807496705831,6.811324529310385,21,0.1,0.491852
2020-10-12,352.36,352.0,352.7958905718826,,21,,0.508868
2020-10-13,350.17,350.0,350.57759371986043,7.026061312742858,20,0.09,0.503464
2020-10-14,347.93,348.0,348.3837398370882,7.018249142668634,21,0.1,0.49958
2020-10-15,347.54,348.0,347.94460549516805,6.562904898750297,20,0.1,0.488828
2020-10-16,347.24,347.0,347.65489235605776,7.089986921547019,21,0.09,0.506864
2020-10-19,342.13,342.0,342.5265583998857,6.846480435485368,21,0.09,0.503192
2020-10-20,343.32,343.0,343.66874913185137,6.703189771220126,20,0.08,0.507696
2020-10-21,342.65,343.0,343.057889548005,6.548375416714505,21,0.08,0.491984
2020-10-22,344.67,345.0,345.03588160167703,6.318092879480903,20,0.09,0.4912
2020-10-23,345.64,346.0,346.04352200404907,6.446217879636748,21,0.08,0.490936
2020-10-26,339.52,340.0,339.90063267349393,6.29761228294888,21,0.08,0.488396
2020-10-27,338.33,339.0,338.6585460521051,6.064105172733527,20,0.08,0.482804
2020-10-28,326.67,325.0,327.0521138093284,7.323064936876573,21,0.07,0.543924
2020-10-29,330.0,330.0,330.31957261870696,6.278263926614213,20,0.08,0.498972
2020-10-30,326.74,327.0,327.11492256499656,6.370459579486925,21,0.08,0.493636
2020-11-02,330.16,330.0,330.56917027368985,6.675560671428571,21,0.09,0.50346
2020-11-03,335.91,336.0,336.27992947961656,6.544736873684745,20,0.09,0.496848
2020-11-04,343.46,343.0,343.91815762133945,7.285868505776719,21,0.08,0.51318
2020-11-05,350.21,350.0,350.66102506172365,7.2216055387445275,20,0.09,0.506092
2020-11-06,350.19,350.0,350.66243807345654,7.398515649089077,21,0.1,0.504928
2020-11-09,354.53,355.0,354.9970343553628,7.385657745185074,21,0.1,0.48888
2020-11-10,354.07,354.0,354.5197443677163,7.485823758788878,20,0.09,0.500476
2020-11-11,356.72,357.0,357.22803700341973,,21,,0.495044
2020-11-12,353.33,353.0,353.84990197370973,7.657391062916216,20,0.1,0.508276
2020-11-13,358.1,358.0,358.68012879924925,7.809223366597723,21,0.1,0.50416
2020-11-16,362.45,362.0,362.91514922857243,7.998621629903069,21,0.09,0.508796
2020-11-17,360.72,361.0,361.2009298845181,7.476133834912469,20,0.08,0.493556
2020-11-18,356.25,356.0,356.74219030825986,7.791493478904058,21,0.07,0.506272
2020-11-19,357.78,358.0,358.2172585021559,7.429874433771651,20,0.08,0.494392
2020-11-20,355.34,355.0,355.8746697488873,7.872002460001957,21,0.09,0.508316
2020-11-23,357.54,358.0,358.0147813214156,7.496677287229679,21,0.08,0.490208
2020-11-24,363.22,363.0,363.6811495519341,7.764724902175421,20,0.08,0.502624
2020-11-25,362.49,362.0,362.93662063484356,7.968513256762978,21,0.07,0.509964
2020-11-30,362.31,362.0,362.83354259359777,7.692847897170533,21,0.08,0.507936
2020-12-01,365.97,366.0,366.4506360518426,7.267533571882297,20,0.07,0.50114
2020-12-02,366.82,367.0,367.2601620217907,7.297052265868918,21,0.07,0.496064
2020-12-03,366.68,367.0,367.08197952096754,7.149872748828367,21,0.08,0.492352
2020-12-04,369.81,370.0,370.19335749708443,6.870113006801407,20,0.07,0.496016
2020-12-07,369.14,369.0,369.5703982285134,7.164051244319035,21,0.09,0.503596
2020-12-08,370.2,370.0,370.53579418390996,6.654992811684849,20,0.08,0.505164
2020-12-09,366.95,367.0,367.23389329756424,6.640827857666605,21,0.07,0.49648
2020-12-10,366.77,367.0,367.04898470214755,6.459363150008796,21,0.07,0.493168
2020-12-11,366.24,366.0,366.5765033102153,6.558551361661852,20,0.08,0.507096
2020-12-14,364.66,365.0,365.04707570464166,6.449975305688646,21,0.07,0.492852
2020-12-15,369.59,370.0,369.9249689657147,6.294396198373114,20,0.07,0.489388
2020-12-16,370.17,370.0,370.5273761732234,6.744785906499476,21,0.08,0.504648
2020-12-17,372.24,372.0,372.5607024023509,6.616310260954864,20,0.08,0.506456
2020-12-18,369.23,369.0,369.5718827382442,6.920428170854345,21,0.08,0.505516
2020-12-21,367.65,368.0,367.98460808629255,6.6755541655996,21,0.08,0.490336
2020-12-22,367.24,367.0,367.59859236449796,6.780315861761882,20,0.07,0.50568
2020-12-23,367.57,368.0,367.9424324225156,6.571644550512195,21,0.07,0.489472
2020-12-28,372.22,372.0,372.5877119215651,6.9775886034598855,22,0.09,0.505552
2020-12-29,371.57,372.0,371.8534442583046,6.5678950644703855,21,0.08,0.487844
2020-12-30,371.99,372.0,372.3209821567299,6.696987218990869,21,0.06,0.498696
2020-12-31,373.93,374.0,374.2749724918261,6.5830292191274715,20,0.08,0.498356
2021-01-04,368.84,369.0,369.2440314284298,6.764539824787338,21,0.09,0.4974
2021-01-05,371.31,371.0,371.68101793897114,6.938157905298883,20,0.08,0.507876
2021-01-06,373.49,373.0,373.8576202019885,7.326347714714987,21,0.09,0.510376
2021-01-07,379.06,379.0,379.4019495109741,7.144368131848318,20,0.09,0.500168
2021-01-08,381.24,381.0,381.7261147719819,7.535207715231248,21,0.08,0.506348
2021-01-11,378.75,379.0,379.1849723006213,7.17113284582712,21,0.09,0.49496
2021-01-12,378.82,379.0,379.2196090185175,7.024940771201252,20,0.09,0.495836
2021-01-13,379.75,380.0,380.203822649214,7.157329706214076,21,0.09,0.495524
2021-01-14,378.45,378.0,378.8566612023748,7.23180578674002,20,0.09,0.511932
2021-01-15,375.67,376.0,376.13165862885984,7.099593996224445,21,0.08,0.493888
2021-01-19,378.64,379.0,379.08636597099525,6.948145380473693,20,0.07,0.491616
2021-01-20,383.85,384.0,384.27122762964865,7.289380777873943,21,0.08,0.496908
2021-01-21,384.19,384.0,384.55457335026495,6.938863181803373,20,0.07,0.503856
2021-01-22,382.82,383.0,383.16813391377843,6.860215648073949,21,0.07,0.49604
2021-01-25,384.4,384.0,384.8170132723937,7.41144529844415,22,0.07,0.508712
2021-01-26,383.83,384.0,384.2245340943494,6.9722496768790805,21,0.05,0.496536
2021-01-27,374.34,374.0,374.75617681627574,7.315161415618097,21,0.05,0.508996
2021-01-28,377.63,378.0,378.0262388650543,7.020062413850714,20,0.05,0.490944
2021-01-29,370.25,370.0,370.70935442759856,7.517703325147582,21,0.07,0.506376
2021-02-01,376.19,376.0,376.67730337649147,7.692291291266822,21,0.06,0.50494
2021-02-02,381.47,381.0,381.90051965921305,7.590095281435123,20,0.04,0.510844
2021-02-03,381.87,382.0,382.35028684351624,7.436665672970757,21,0.03,0.498904
2021-02-04,386.18,386.0,386.53053927567856,7.326683114046496,20,0.03,0.502452
2021-02-05,387.66,387.5,388.0668495777618,7.503618658336081,21,0.02,0.504196
2021-02-08,390.52,391.0,390.94016517932164,7.143479008441306,21,0.04,0.488968
2021-02-09,390.27,390.0,390.64363048162966,7.289516390493477,20,0.04,0.505308
2021-02-10,390.09,390.0,390.4790304411946,7.357036945330078,21,0.05,0.502736
2021-02-11,390.71,391.0,391.10592957507356,7.028719238538994,20,0.05,0.493436
2021-02-12,392.73,392.5,393.14540943795754,7.4627466494970305,21,0.03,0.504976
2021-02-16,392.4,392.0,392.72648765156947,7.217515715802042,20,0.03,0.507868
2021-02-17,392.43,392.0,392.82044189059286,7.402687711768525,21,0.03,0.509852
2021-02-18,390.83,391.0,391.17896000969836,6.912546570228947,20,0.03,0.495432
2021-02-19,390.03,390.0,390.4103194584359,7.23476341302418,21,0.03,0.50136
2021-02-22,387.1,387.0,387.4622603581421,7.237341313758625,21,0.03,0.500428
2021-02-23,387.52,388.0,387.9199015249772,6.966404202309113,20,0.03,0.488916
2021-02-24,391.77,392.0,392.2217572175826,7.358943345456978,21,0.03,0.49566
2021-02-25,382.3,382.0,382.768407262976,7.431783195915146,20,0.04,0.50794
2021-02-26,380.36,380.0,380.8104119659466,7.79104558416373,21,0.04,0.508576
2021-03-01,389.52,390.0,389.98909980125444,7.591843997633842,21,0.03,0.491224
2021-03-02,386.55,387.0,386.9691670482283,7.213196110757469,20,0.04,0.48982
2021-03-03,381.46,381.0,381.8756467427981,7.8683581819627895,21,0.04,0.51042
2021-03-04,376.68,377.0,377.1651140727305,7.579680949470504,20,0.03,0.493996
2021-03-05,383.6,384.0,384.09875553042144,8.03308451014677,21,0.04,0.491952
2021-03-08,381.73,380.0,382.29852987136564,9.300184652724743,21,0.04,0.535024
2021-03-09,387.11,387.0,387.73303710632854,8.635716814443663,20,0.04,0.503476
2021-03-10,389.48,389.0,390.03786537943,9.098490571930164,21,0.03,0.507304
2021-03-11,393.48,393.0,394.1152377772813,9.315643642075509,21,0.04,0.508268
2021-03-12,394.02,394.0,394.66431023896536,9.04204717674013,20,0.03,0.502028
2021-03-15,396.46,396.0,397.1073265125994,9.471610281648905,21,0.02,0.508264
2021-03-16,395.94,396.0,396.52502843653207,9.100261778175847,20,0.01,0.497744
2021-03-17,397.24,397.0,397.8124608305003,9.489593300718816,21,0.01,0.502904
2021-03-18,391.34,391.0,391.9228731728184,9.406100640810767,20,0.01,0.504856
2021-03-19,389.47,389.0,390.17447025115615,9.735507911253542,21,0.01,0.508148
2021-03-22,392.53,393.0,393.17868840980236,9.300336582780256,21,0.02,0.490804
2021-03-23,389.59,390.0,390.22457326114375,9.06248672581174,20,0.02,0.491572
2021-03-24,387.49,387.0,388.11183539074364,9.673743613106698,21,0.02,0.508272
2021-03-25,389.62,390.0,390.2587838920071,9.043778174603059,20,0.02,0.4934
2021-03-26,395.84,396.0,396.47024249700644,9.569497993692785,21,0.02,0.495712
2021-03-29,395.76,395.0,396.4331883902679,9.984082169538587,21,0.02,0.5128
2021-03-30,394.78,395.0,395.47052982598143,9.238682825444467,20,0.01,0.496736
2021-03-31,396.19,395.0,396.88432048543126,10.217859184834522,21,0.01,0.520564
2021-04-01,400.53,400.0,401.1502119436719,9.515457209318516,20,0.02,0.510172
2021-04-05,406.27,405.0,406.8621682338426,10.21511411477275,21,0.03,0.520996
2021-04-06,406.06,405.0,406.61197437739673,9.583878226771796,20,0.02,0.51874
2021-04-07,406.57,405.0,407.17643021408963,10.013666170018766,21,0.01,0.528064
2021-04-08,408.48,410.0,408.979629696436,8.07602908603663,20,0.02,0.470584
2021-04-09,411.44,411.0,412.0418682439215,9.303937079188637,21,0.02,0.508644
2021-04-12,411.63,412.0,412.1693122269767,8.764208843261715,21,0.02,0.49242
2021-04-13,412.79,413.0,413.319754301091,8.68814837682863,20,0.03,0.496156
2021-04-14,411.5,411.0,412.0885630018914,9.208182223733525,21,0.02,0.510304
2021-04-15,415.83,416.0,416.37024947720994,8.654102984246165,20,0.02,0.496856
2021-04-16,417.35,417.5,417.91443111983756,8.922275567162334,21,0.02,0.496976
2021-04-19,415.24,415.0,415.7622663544366,8.919831818828623,21,0.01,0.503588
2021-04-20,412.22,412.0,412.74747933086815,8.655016555509139,20,0.01,0.50322
2021-04-21,416.08,416.0,416.61558214670276,8.800073469845886,21,0.0,0.50158
2021-04-22,412.35,412.0,412.8946742626512,8.658753509742322,20,0.02,0.50668
2021-04-23,416.71,417.0,417.16936965339863,8.536172679121186,21,0.01,0.493344
2021-04-26,417.65,418.0,418.166323600135,8.384722860488262,21,0.02,0.493764
2021-04-27,417.46,417.0,417.92315830142337,8.340173669647006,20,0.01,0.508864
2021-04-28,417.39,417.0,417.82682144435535,8.423523978070383,21,0.01,0.506172
2021-04-29,419.99,420.0,420.4427488738327,7.940021279470561,20,0.01,0.500404
2021-04-30,417.28,417.0,417.75800411034675,8.301099540157905,21,0.01,0.505224
2021-05-03,418.17,418.0,418.6495526063362,8.181654948450579,21,0.02,0.502996
2021-05-04,415.64,416.0,416.09081834728846,7.714756778755972,20,0.01,0.492432
2021-05-05,415.72,416.0,416.1465569821297,7.898860201337588,21,0.01,0.492964
2021-05-06,419.05,419.0,419.530762360113,8.070395348947077,20,0.01,0.501444
2021-05-07,422.07,422.0,422.55201811953805,8.281717120104107,21,0.01,0.501532
2021-05-10,417.91,418.0,418.3793533456168,8.356681226878322,22,0.02,0.497468
2021-05-11,414.27,414.0,414.7428549123396,8.485214983797837,21,0.01,0.506336
2021-05-12,405.57,406.0,406.15982686711186,8.194870703008462,21,0.01,0.492988
2021-05-13,410.27,410.0,410.7592532763284,8.562139509753218,20,0.0,0.504708
2021-05-14,416.54,417.0,417.0353511682872,8.552184256337553,21,0.01,0.490756
2021-05-17,415.52,416.0,416.1434069438372,8.538318345603289,21,0.0,0.49196
2021-05-18,411.94,412.0,412.4087362516617,8.361287592407885,20,0.0,0.498836
2021-05-19,410.89,411.0,411.3966416641446,8.570748872640678,21,0.0,0.49714
2021-05-20,415.1,415.0,415.60467023326,8.553605032107356,20,0.01,0.502424
2021-05-21,414.97,415.0,415.5549181671939,8.720475118751576,21,0.0,0.500308
2021-05-24,419.12,419.0,419.7275822509849,8.830706463318812,21,0.01,0.503204
2021-05-25,418.25,418.0,418.71879001417653,8.679268089265651,20,0.01,0.503488
2021-05-26,419.02,419.0,419.4976404091191,8.705365365024972,21,0.0,0.498788
2021-05-27,419.2,419.0,419.7285168850325,8.639438109927042,20,0.0,0.504144
2021-05-28,420.05,420.0,420.54279591011954,8.730089111044318,21,0.01,0.500136
2021-06-01,419.64,420.0,420.1189290778294,8.22205027298378,20,0.01,0.49302
2021-06-02,420.37,420.0,420.92741793991985,8.790611453911868,21,0.01,0.507684
2021-06-03,418.82,419.0,419.2974330219562,8.15154255660609,20,0.0,0.495696
2021-06-04,422.56,422.5,423.1012131313255,8.532154000594764,21,0.01,0.501088
2021-06-07,422.23,422.0,422.7138413698358,8.547519764229811,21,0.01,0.505044
2021-06-08,422.27,422.0,422.7437577070968,8.262618972288966,20,0.01,0.506484
2021-06-09,421.65,422.0,422.1889922282336,8.105804516101534,21,0.01,0.4942
2021-06-10,423.61,424.0,424.0028311251163,7.500095544802421,20,0.01,0.490608
2021-06-11,424.34,424.0,424.7813697125377,8.037588433493081,21,0.01,0.506832
2021-06-14,425.33,425.0,425.8099356305328,8.161796519292551,22,0.01,0.507132
2021-06-15,424.51,425.0,424.90446637641065,7.306589335630103,21,0.02,0.48964
2021-06-16,422.09,422.0,422.48996896184207,7.59570850719136,21,0.04,0.501716
2021-06-17,421.89,422.0,422.2684760117481,7.252810226794119,20,0.05,0.49722
2021-06-18,414.93,415.0,415.3868403096258,7.550009298581488,21,0.05,0.499708
2021-06-21,420.84,420.0,421.2228320200662,8.088491283833083,21,0.04,0.517692
2021-06-22,423.09,424.0,423.48814017764744,7.039883609270723,20,0.04,0.481328
2021-06-23,422.64,423.0,422.95882751686605,7.399177170110002,21,0.04,0.490148
2021-06-24,425.1,425.0,425.5383409159105,7.544158895637694,20,0.05,0.50272
2021-06-25,426.63,427.0,427.05543149657797,7.50986795245329,21,0.05,0.491168
2021-06-28,427.49,427.0,427.90896760554523,7.956075661370383,21,0.04,0.510024
2021-06-29,427.69,428.0,428.07008031864035,7.306602980375246,20,0.04,0.492564
2021-06-30,428.14,428.0,428.5365828697847,7.754218035357841,21,0.05,0.50154
2021-07-01,430.5,430.0,430.92565072698784,7.801692997864407,20,0.05,0.512324
2021-07-02,433.76,434.0,434.18656477186875,7.673733832482389,21,0.05,0.496012
2021-07-06,432.88,433.0,433.3559052621276,7.606240318853769,20,0.05,0.499504
2021-07-07,434.5,434.0,434.83323643091575,8.09778517680669,21,0.05,0.508232
2021-07-08,430.87,431.0,431.3145962291128,7.778576483769927,20,0.06,0.498244
2021-07-09,435.44,435.0,435.83971998698144,8.343756167001857,21,0.06,0.508036
2021-07-12,437.2,437.0,437.6714811563545,8.31681773495869,21,0.05,0.503876
2021-07-13,435.72,436.0,436.1421562370174,7.889582151627415,20,0.05,0.492916
2021-07-14,436.29,436.0,436.7968081956334,8.450914678127411,21,0.06,0.50692
2021-07-15,434.65,435.0,435.0842828119143,7.837352451864969,20,0.05,0.492236
2021-07-16,431.38,431.0,431.8676479667974,8.384704975764537,21,0.05,0.508724
2021-07-19,424.93,425.0,425.42020512944686,8.200561657448487,21,0.05,0.498288
2021-07-20,431.07,431.0,431.52057296840917,8.094467412146575,20,0.05,0.501656
2021-07-21,434.55,435.0,435.0862145920082,8.137364376927861,21,0.04,0.492808
2021-07-22,435.51,436.0,435.99603998488476,7.9155194924230905,20,0.04,0.49108
2021-07-23,439.9,440.0,440.3294479526367,8.379765118951939,21,0.05,0.497472
2021-07-26,440.99,441.0,441.50745749584615,8.472405856994806,21,0.05,0.499692
2021-07-27,439.04,439.0,439.4778051317592,8.31284382442812,20,0.04,0.500956
2021-07-28,438.86,439.0,439.3754330383228,8.400731729639192,21,0.04,0.499156
2021-07-29,440.67,441.0,441.20789027580173,8.208127878331343,20,0.05,0.495008
2021-07-30,438.5,438.0,438.9623252376512,8.74515775877719,21,0.05,0.507964
2021-08-02,437.6,438.0,438.14793647075606,8.322447812162258,21,0.05,0.49294
2021-08-03,441.17,441.0,441.65498225833727,8.457415276474224,20,0.05,0.503368
2021-08-04,439.02,439.0,439.53916288266885,8.49484520362645,21,0.05,0.501312
2021-08-05,441.73,442.0,442.20220461532193,8.022732173297086,20,0.05,0.495788
2021-08-06,442.47,442.0,442.8817840888405,8.535797680937774,21,0.04,0.508228
2021-08-09,442.14,442.0,442.54211951350476,8.23630102057918,21,0.04,0.50298
2021-08-10,442.67,443.0,443.0928508860828,7.843839553314715,20,0.05,0.493208
2021-08-11,443.73,444.0,444.19473540189085,8.040696876134037,21,0.05,0.494344
2021-08-12,445.06,445.0,445.45080536619196,7.925453006436841,20,0.05,0.500468
2021-08-13,445.92,446.0,446.3829188961553,8.04843709041773,21,0.04,0.499836
2021-08-16,447.06,447.0,447.52922132427153,8.37548907625489,22,0.04,0.501672
2021-08-17,443.95,444.0,444.3016144363156,7.802923516041718,21,0.03,0.498112
2021-08-18,439.25,439.0,439.69748299251256,7.853713686380842,21,0.03,0.506232
2021-08-19,439.87,440.0,440.30499392086665,7.603818091134485,20,0.04,0.49894
2021-08-20,443.36,443.0,443.83212284012404,8.176588115501602,21,0.04,0.507772
2021-08-23,447.27,447.0,447.7077693767217,8.173605236745576,21,0.04,0.505332
2021-08-24,447.96,448.0,448.3843866385472,7.768259850620076,20,0.03,0.4996
2021-08-25,448.88,449.0,449.3132463431697,7.8838613488847775,21,0.04,0.497852
2021-08-26,446.33,446.0,446.7153226706843,7.884098472816475,20,0.04,0.507072
2021-08-27,450.25,450.0,450.6920325692875,8.212590328317264,21,0.04,0.505144
2021-08-30,452.18,452.0,452.58492570482866,8.116833382570107,21,0.04,0.503668
2021-08-31,451.6,452.0,451.9948391626166,7.636988660626204,20,0.03,0.491812
2021-09-01,451.85,452.0,452.26648386090864,7.938215038325234,21,0.04,0.496496
2021-09-02,453.21,453.0,453.6609110647832,7.995540924500112,20,0.05,0.50406
2021-09-03,453.08,453.0,453.46249046722284,8.05803937623514,21,0.04,0.501308
2021-09-07,451.52,452.0,451.9115787623783,7.6430006749557275,20,0.04,0.490688
2021-09-08,450.97,451.0,451.37634305022766,8.028878689376448,21,0.05,0.499548
2021-09-09,448.89,449.0,449.2871014185752,8.007257334692062,21,0.07,0.496752
2021-09-10,445.52,446.0,445.98505767972904,7.938636922306494,21,0.06,0.491264
2021-09-13,446.56,447.0,447.0076341740989,8.112101663758626,21,0.06,0.491732
2021-09-14,444.19,444.0,444.62970948123217,8.291435504475277,20,0.05,0.503064
2021-09-15,447.88,448.0,448.3163780550224,8.448697327212447,21,0.04,0.497904
2021-09-16,447.15,447.0,447.5747227809918,8.214368675983117,20,0.06,0.502408
2021-09-17,441.52,442.0,441.99422789852633,8.192919526310986,21,0.06,0.491612
2021-09-20,434.01,434.0,434.5122752969582,8.51867503119239,21,0.06,0.500572
2021-09-21,433.74,434.0,434.2585203791791,8.28690404933475,20,0.05,0.49496
2021-09-22,437.78,438.0,438.28595819355223,8.677022619056993,21,0.04,0.495444
2021-09-23,443.13,443.0,443.6654619394158,8.961415467586658,20,0.05,0.501508
2021-09-24,443.92,444.0,444.5005785990914,9.069927834045185,21,0.06,0.499912
2021-09-27,442.67,443.0,443.1418959184285,8.879245900102102,21,0.06,0.492452
2021-09-28,433.66,434.0,434.2040290313664,8.728206415662791,20,0.07,0.494208
2021-09-29,434.37,434.0,434.8857039966344,9.292401996464523,21,0.05,0.506064
2021-09-30,429.0,429.0,429.48305485135944,9.097572601701362,20,0.07,0.497852
2021-10-01,434.19,434.0,434.81722736778045,9.698937951886865,21,0.08,0.502452
2021-10-04,428.7,429.0,429.40359635542217,9.571043191603634,21,0.09,0.495988
2021-10-05,433.06,433.0,433.749169986922,9.821334376504026,20,0.1,0.501692
2021-10-06,434.9,435.0,435.6329486808163,10.097101299586495,21,0.06,0.499476
2021-10-07,438.62,439.0,439.35167897488896,9.98161388776352,20,0.03,0.495892
2021-10-08,437.83,438.0,438.53518665712164,10.20365776234622,21,0.02,0.496536
2021-10-11,434.69,435.0,435.3857055752881,,21,,0.494904
2021-10-12,433.64,434.0,434.28695886304075,9.681402901160507,20,0.03,0.494248
2021-10-13,435.18,435.0,435.88471005199017,10.208329639391009,21,0.03,0.502616
2021-10-14,442.47,442.0,443.13756707469486,10.28404909496799,20,0.05,0.506868
2021-10-15,445.87,446.0,446.4705077021565,10.179375804792338,21,0.04,0.494776
2021-10-18,447.25,447.0,447.8965352853536,10.302962610221691,21,0.05,0.504932
2021-10-19,450.7,451.0,451.31847591514776,9.509446800974425,20,0.06,0.495208
2021-10-20,452.39,452.0,452.9675915308864,9.99494815216225,21,0.06,0.505804
2021-10-21,453.63,454.0,454.1892928274749,9.293247038121901,20,0.06,0.494212
2021-10-22,453.15,453.0,453.7565941598483,9.707622960832996,21,0.05,0.502716
2021-10-25,455.48,455.0,456.15263926464866,9.916983728768345,21,0.07,0.510236
2021-10-26,455.96,456.0,456.46630187111566,9.208631570821172,20,0.06,0.499084
2021-10-27,453.92,454.0,454.55418899949376,9.407742574027774,21,0.06,0.50036
2021-10-28,458.27,458.0,458.7571294193138,9.082431389576906,20,0.06,0.503876
2021-10-29,459.22,459.0,459.7724366547449,9.331911626635561,21,0.06,0.503228
2021-11-01,460.07,460.0,460.56062314520483,8.978958844388893,21,0.05,0.500672
2021-11-02,461.87,462.0,462.41768763989495,8.42289557918772,20,0.05,0.499484
2021-11-03,464.73,465.0,465.21798603950197,8.531135907494225,21,0.05,0.494548
2021-11-04,466.86,467.0,467.2268519663976,8.112780817668005,20,0.05,0.495256
2021-11-05,468.53,469.0,468.9815624579711,8.284797450421225,21,0.05,0.491192
2021-11-08,468.99,469.0,469.4747100499422,8.461794220273308,21,0.04,0.500488
2021-11-09,467.38,467.0,467.80616686743514,8.289837024478123,20,0.04,0.508428
2021-11-10,463.67,464.0,464.09837954497846,8.11536403499276,21,0.06,0.493356
2021-11-11,463.81,464.0,464.16703268042863,,20,,0.495188
2021-11-12,467.25,467.0,467.6714517610371,8.277336575481975,21,0.05,0.505704
2021-11-15,467.47,467.0,467.8946178366458,8.329481931448562,21,0.06,0.510516
2021-11-16,469.17,469.0,469.5755263570603,7.972921405242384,20,0.06,0.504316
2021-11-17,468.12,468.0,468.515900579836,8.128056569521442,21,0.06,0.502852
2021-11-18,469.72,470.0,470.14078110910435,7.783617729269154,20,0.12,0.495152
2021-11-19,468.91,469.0,469.3313322148446,8.082584523962044,21,0.11,0.497804
2021-11-22,467.41,468.0,467.8659495956881,7.883795369017028,21,0.07,0.488832
2021-11-23,468.29,468.0,468.68177765897036,8.20522427957103,20,0.06,0.504768
2021-11-24,469.44,469.0,469.84175848504094,8.51415420203688,21,0.14,0.508284
2021-11-26,458.97,459.0,459.2921781604917,8.191937231107481,21,0.11,0.496684
2021-11-29,464.54,465.0,464.92619604461413,8.228534761017354,21,0.07,0.489936
2021-11-30,456.06,456.0,456.54480726737637,8.489377137963322,20,0.11,0.502528
2021-12-01,450.44,450.0,450.908655102438,8.961915930659876,21,0.09,0.507984
2021-12-02,457.53,458.0,458.1915850339716,8.99838723548261,21,0.05,0.493376
2021-12-03,453.48,453.0,454.0767624795156,9.446190978455325,20,0.04,0.509216
2021-12-06,458.82,458.0,459.44633847959204,10.042710456871193,21,0.05,0.513968
2021-12-07,468.29,468.0,468.94014320573075,9.898131245530843,20,0.05,0.506436
2021-12-08,469.54,470.0,470.18999569028813,9.754980341684197,21,0.04,0.492024
2021-12-09,466.35,466.0,466.98944200722525,9.925524217877726,20,0.03,0.506308
2021-12-10,470.68,471.0,471.3018902461132,9.876808688070007,21,0.03,0.49378
2021-12-13,466.71,467.0,467.3254723290808,10.002682495568832,21,0.01,0.49472
2021-12-14,463.45,463.0,464.037416165516,10.241875331261822,20,0.02,0.506652
2021-12-15,470.59,471.0,471.230929057986,10.29808059704442,21,0.03,0.492928
2021-12-16,466.42,466.0,467.20817466109935,10.760077158552283,20,0.04,0.508324
2021-12-17,459.86,460.0,460.590955733252,10.67529346324736,21,0.03,0.498304
2021-12-20,454.99,455.0,455.7605899280573,10.78665091813815,21,0.03,0.500292
2021-12-21,463.01,464.0,463.6894932644999,10.294677758122075,20,0.03,0.48312
2021-12-22,467.71,468.0,468.5831762731277,10.99899224621958,21,0.03,0.497356
2021-12-23,470.57,470.0,471.2102223314288,11.195401647866083,20,0.04,0.506684
2021-12-27,477.26,477.0,478.11439926444467,11.57574017372853,22,0.04,0.504452
2021-12-28,476.92,477.0,477.8233071143066,11.104324794782126,21,0.03,0.501496
2021-12-29,477.48,478.0,478.21052485484444,10.727815961943234,21,0.01,0.492696
2021-12-30,476.14,476.0,476.7491179050194,10.33108693673494,20,0.06,0.502072
2021-12-31,475.08,475.0,475.7442630337273,10.501145045561596,21,0.06,0.500564
2022-01-03,477.77,478.0,478.393059293485,10.230408122828319,21,0.05,0.496224
2022-01-04,477.56,478.0,478.1020509603575,9.617400604669571,20,0.06,0.491296
2022-01-05,468.46,468.0,469.1141390702693,10.220338107609544,21,0.05,0.50748
2022-01-06,467.93,468.0,468.55476986900993,9.696294119096816,20,0.04,0.50064
2022-01-07,466.02,466.0,466.55838374937565,9.882043921639887,21,0.05,0.500112
2022-01-10,465.44,465.0,466.1507582026424,10.333827240071855,21,0.05,0.508488
2022-01-11,469.63,470.0,470.2219878364928,9.684852060117391,20,0.04,0.494012
2022-01-12,470.96,470.0,471.5758119467153,10.592951065516328,21,0.04,0.514176
2022-01-13,464.78,465.0,465.3424729706846,9.492984194612797,20,0.05,0.496448
2022-01-14,464.66,465.0,465.3556544104138,9.79083159321858,21,0.05,0.495236
2022-01-17,464.72,465.0,465.3501539520101,,21,,0.495552
2022-01-18,456.59,457.0,457.1517194566151,9.117512813078477,20,0.05,0.492732
2022-01-19,451.81,452.0,452.4500613092797,9.467804591556362,21,0.05,0.497448
2022-01-20,446.65,446.0,447.2416305867167,9.618442330828685,20,0.05,0.512456
2022-01-21,438.16,438.0,438.74005264741334,9.739168849261285,21,0.05,0.50124
2022-01-24,439.88,440.0,440.49500432754456,10.11353320949908,21,0.05,0.496568
2022-01-25,434.51,435.0,435.2049973326046,9.989211522130756,20,0.05,0.491532
2022-01-26,433.21,434.0,433.9499377245277,10.269449974171847,21,0.06,0.487384
2022-01-27,431.16,432.0,431.994405361135,10.363832852398744,20,0.04,0.48886
2022-01-28,441.85,442.0,442.5948246603609,11.29390183675064,21,0.04,0.496116
2022-01-31,449.88,450.0,450.8915500952034,11.984284673254376,22,0.03,0.500076
2022-02-01,452.88,452.0,453.7795685435843,12.545755832469247,21,0.04,0.5118
2022-02-02,457.23,458.0,458.13734748224255,11.887198936846348,21,0.04,0.48934
2022-02-03,446.66,446.0,447.5922928004942,12.2159254205157,20,0.03,0.509432
2022-02-04,448.6,449.0,449.4740454779049,11.99872566198477,21,0.05,0.493448
2022-02-07,447.24,447.0,448.2315702808201,12.327468690075479,21,0.03,0.504104
2022-02-08,450.82,451.0,451.73072524703423,11.861067201881244,20,0.03,0.498152
2022-02-09,457.36,457.0,458.3666840070646,12.590409792231203,21,0.04,0.504756
2022-02-10,449.28,449.0,450.20623494029525,12.288159190249266,20,0.05,0.504324
2022-02-11,440.47,440.0,441.51833342622734,12.528811049313266,21,0.03,0.507148
2022-02-14,438.98,438.0,439.9746965887693,12.787029624860624,21,0.03,0.51278
2022-02-15,445.94,446.0,446.7960137930777,12.107239979012785,20,0.02,0.49822
2022-02-16,446.65,447.0,447.73139852376875,12.29700030477547,21,0.03,0.496164
2022-02-17,437.17,437.0,438.1820826255322,11.985096033475378,20,0.06,0.504508
2022-02-18,434.16,434.0,435.2312714977174,12.225974807488887,21,0.03,0.504212
2022-02-21,434.23,434.0,435.177961186739,,21,,0.501968
2022-02-22,429.65,430.0,430.53255085820103,11.056148065341304,20,0.03,0.496212
2022-02-23,421.97,422.0,422.867453331122,11.292857220921553,21,0.02,0.498764
2022-02-24,428.06,428.0,428.9042339484219,11.211675681007472,20,0.05,0.500552
2022-02-25,437.66,438.0,438.534423850287,11.5037008205887,21,0.03,0.494228
2022-02-28,436.52,436.0,437.3738356635622,11.910545167749692,21,0.06,0.505776
2022-03-01,429.99,430.0,430.9254221834626,11.098623588637505,20,0.11,0.500944
2022-03-02,437.79,438.0,438.67164490147366,11.462528419371955,21,0.13,0.497444
2022-03-03,435.67,436.0,436.58079231498266,11.04079755699784,20,0.19,0.497452
2022-03-04,432.25,432.0,433.09579877438375,11.485125504179983,21,0.15,0.503148
2022-03-07,419.55,420.0,420.4341657577281,10.878226239704926,21,0.17,0.494488
2022-03-08,416.38,416.0,417.17144168982804,11.068888368750448,20,0.16,0.504604
2022-03-09,427.36,427.0,428.25147235476544,11.607525332780959,21,0.18,0.504788
2022-03-10,425.49,425.0,426.29512817420886,11.616810870750692,21,0.19,0.505928
2022-03-11,420.09,420.0,420.9429456094668,11.328629836567853,21,0.17,0.501408
2022-03-14,416.98,416.0,417.7904263669909,11.578667363624037,21,0.23,0.514208
2022-03-15,426.05,426.0,426.7587106591652,10.94125799992262,20,0.22,0.499172
2022-03-16,435.65,436.0,436.4392093667405,11.341238791430577,21,0.24,0.493836
2022-03-17,440.76,440.0,441.6151502724832,11.890714694977158,20,0.2,0.5106
2022-03-18,444.27,444.0,445.22536913985437,12.023935668190939,21,0.19,0.503452
2022-03-21,444.38,444.0,445.18898005200236,11.99356441137745,21,0.22,0.504012
2022-03-22,449.59,450.0,450.5583536129635,11.404926510822131,20,0.2,0.49642
2022-03-23,443.84,444.0,444.69663924350147,11.49709121541025,21,0.15,0.49728
2022-03-24,450.42,450.0,451.2465227162351,11.773136273340187,21,0.16,0.504772
2022-03-25,452.55,453.0,453.2679416524439,10.76531982695542,20,0.17,0.492696
2022-03-28,455.85,456.0,456.6598714910125,11.20110769751343,21,0.19,0.497696
2022-03-29,461.51,462.0,462.21615732378376,10.599651356327586,20,0.18,0.492244
2022-03-30,458.41,458.0,459.0792392579315,11.170291169159604,21,0.16,0.504504
2022-03-31,451.77,452.0,452.42155435363264,10.425358579196931,20,0.17,0.494212
2022-04-01,452.92,453.0,453.70848158564957,10.809651188500842,21,0.15,0.499136
2022-04-04,456.7,457.0,457.41333584614273,10.6186761383761,21,0.18,0.495716
2022-04-05,451.06,451.0,451.75528821792756,10.083867098090755,20,0.18,0.501024
2022-04-06,446.58,447.0,447.26986309707945,10.038837849583745,21,0.21,0.493048
2022-04-07,448.79,449.0,449.4837630687595,9.803221023191426,20,0.21,0.496412
2022-04-08,447.63,448.0,448.39504638405566,9.99188255486191,21,0.2,0.494252
2022-04-11,440.03,440.0,440.6689537632852,9.928507520954001,21,0.22,0.500448
2022-04-12,438.29,438.0,438.90417870226753,9.691536770701724,20,0.21,0.50496
2022-04-13,443.37,443.0,444.0289774553275,10.059165150042254,21,0.26,0.50692
2022-04-14,437.94,438.0,438.5270859430613,9.286936933872358,20,0.37,0.498264
2022-04-15,437.79,438.0,438.5021941422137,,21,,0.498756
2022-04-18,437.95,438.0,438.45022888942805,9.415734372932738,21,0.38,0.497068
2022-04-19,444.89,445.0,445.50936103943263,9.304626400417117,20,0.37,0.499216
2022-04-20,444.6,445.0,445.21672562320816,9.340382478637606,21,0.35,0.494416
2022-04-21,438.05,438.0,438.67172241022206,9.2264861144733,20,0.5,0.50262
2022-04-22,426.06,426.0,426.5821733669666,9.279564073731326,21,0.46,0.499556
2022-04-25,428.5,428.0,429.1209093347167,9.752049988608755,21,0.4,0.50936
2022-04-26,416.17,416.0,416.73429097716235,9.182055207418962,20,0.38,0.502164
2022-04-27,417.21,418.0,417.7531511297239,9.005012811056162,21,0.37,0.484812
2022-04-28,427.86,428.0,428.4725895322489,9.473997007652056,20,0.37,0.49862
2022-04-29,412.13,412.0,412.81130233990933,9.646899671944608,21,0.37,0.502364
2022-05-02,414.55,415.0,415.22096056988414,9.495592055333042,21,0.41,0.493316
2022-05-03,416.37,416.0,417.0387697369027,9.823910151111846,20,0.48,0.507016
2022-05-04,428.97,428.0,429.6192765733081,10.761596229171136,21,0.49,0.514384
2022-05-05,414.15,414.0,414.88733472312026,10.032149097824663,20,0.49,0.504172
2022-05-06,411.41,411.0,412.1471859324449,10.459497793376764,21,0.48,0.505736
2022-05-09,398.33,398.0,399.1086080486943,10.477833383013936,22,0.51,0.506372
2022-05-10,399.18,400.0,399.90947559642825,9.797903882069585,21,0.57,0.485872
2022-05-12,392.37,392.0,393.12002624736795,10.284846893485398,20,0.61,0.506388
2022-05-13,401.58,402.0,402.37293631485426,10.334861787673818,21,0.67,0.493204
2022-05-16,400.16,400.0,401.0235348058352,10.601449251835822,21,0.64,0.504196
2022-05-17,408.26,408.0,409.17297017799575,10.747002215672515,20,0.61,0.505732
2022-05-18,392.11,392.0,392.95682437614647,10.49344180793849,21,0.56,0.502004
2022-05-19,389.46,390.0,390.2276006612091,9.963164157801046,20,0.65,0.491216
2022-05-20,389.59,390.0,390.4065473271527,10.296266004956554,21,0.63,0.494556
2022-05-23,396.83,397.0,397.6475304602981,10.492999447390753,21,0.55,0.496656
2022-05-24,393.97,394.0,394.76940559973576,10.240455107113844,20,0.55,0.500876
2022-05-25,397.36,397.0,398.15443690467754,10.695439666115776,21,0.58,0.504024
2022-05-26,405.2,405.0,405.9073005063456,10.469390416692194,20,0.71,0.502496
2022-05-27,415.31,415.0,416.1789824028538,11.025590687702536,21,0.69,0.50598
2022-05-30,415.26,415.0,416.02128248100837,,22,,0.503472
2022-05-31,412.8,413.0,413.58151196865515,10.572370267089317,21,0.73,0.496436
2022-06-01,409.64,410.0,410.4145607222052,10.255830870965402,21,0.77,0.493928
2022-06-02,417.37,417.0,418.1340177098774,10.412530648597054,20,0.85,0.506816
2022-06-03,410.59,411.0,411.3571242367942,10.049963432794181,21,0.87,0.493872
2022-06-06,411.76,412.0,412.34582691188064,9.836589595644467,21,0.88,0.494652
2022-06-07,415.69,416.0,416.3210075617133,9.31536014935012,20,0.87,0.494896
2022-06-08,411.28,412.0,411.9500556655794,9.215169926092287,21,0.89,0.487204
2022-06-09,401.48,401.0,402.0177446078875,9.399141441645494,21,1.05,0.50828
2022-06-10,389.81,390.0,390.4202715107329,8.813585544284152,21,1.1,0.495728
2022-06-13,375.01,375.0,375.6829782699005,9.002675000736653,22,1.13,0.500732
2022-06-14,373.83,374.0,374.3822315164567,8.537096122964822,21,1.19,0.496132
2022-06-15,379.15,380.0,379.77325408001025,8.460995178955313,21,1.21,0.484972
2022-06-16,366.89,366.0,367.53490483938504,8.944465455996824,20,1.19,0.518408
2022-06-20,365.86,366.0,366.4802174140418,,21,,0.49788
2022-06-21,375.08,375.0,375.6802600386468,8.596741884373431,20,1.08,0.501872
2022-06-22,374.35,374.0,375.0015631121157,8.960594555406585,21,0.98,0.507968
2022-06-23,378.12,378.0,378.70605053427374,8.686588626024154,20,1.12,0.502152
2022-06-27,388.66,388.0,389.28739577852735,9.356357671611729,21,1.16,0.513248
2022-06-28,380.72,380.0,381.3000740039905,9.018380023789756,20,1.12,0.51282
2022-06-29,380.37,380.0,380.93005146345195,8.989102583118727,21,1.12,0.506592
2022-06-30,377.28,377.0,377.87857449977173,8.737345369863515,20,1.28,0.505492
2022-07-01,381.2,381.0,381.7493247129871,8.91374358736849,21,1.27,0.502356
2022-07-04,381.24,382.0,381.8185960798197,,21,,0.48484
2022-07-05,381.95,382.0,382.474313757114,8.630302334383169,20,1.33,0.498596
2022-07-06,383.31,384.0,383.8998404418318,8.545336497496345,21,1.36,0.486904
2022-07-07,388.97,388.0,389.58829243203047,9.408297598240772,20,1.55,0.5179
2022-07-08,388.69,389.0,389.3441782285705,8.911080164653988,21,1.57,0.495404
2022-07-11,384.33,384.0,384.8207667388838,9.055885414039448,21,1.58,0.503088
2022-07-12,380.87,381.0,381.49750278094626,8.459469900731815,20,1.63,0.499244
2022-07-13,378.87,378.0,379.4797212929065,9.090784246266308,21,1.78,0.517584
2022-07-14,377.96,378.0,378.498670012479,8.148946227782693,20,1.99,0.498856
2022-07-15,385.09,385.0,385.593076089697,8.56094230654004,21,1.98,0.500256
2022-07-18,381.99,382.0,382.6445306783717,8.359718898758123,21,1.96,0.502468
2022-07-19,392.28,392.0,392.7410667040356,8.229884110186962,20,1.93,0.505508
2022-07-20,394.76,395.0,395.3084675069683,8.23751349403225,21,1.92,0.494632
2022-07-21,398.82,399.0,399.30009944877014,8.045045120218832,20,2.15,0.494764
2022-07-22,395.1,395.0,395.58470121546674,8.291815464616784,21,2.15,0.501188
2022-07-25,395.54,396.0,396.0779911091975,7.983130257614073,21,2.14,0.491236
2022-07-26,390.92,391.0,391.3670937426508,7.747393337403822,20,2.17,0.497844
2022-07-27,401.01,401.0,401.51179962365,8.250494806047024,21,2.14,0.501224
2022-07-28,406.04,406.0,406.5955768435728,8.185234809939335,20,2.2,0.50266
2022-07-29,412.05,412.0,412.599768988806,8.52999822497403,21,2.22,0.501892
2022-08-01,410.72,410.0,411.1947784700811,8.695955783107914,21,2.22,0.513212
2022-08-02,408.13,408.0,408.62698946178716,8.100386367729602,20,2.22,0.502644
2022-08-03,414.41,414.0,414.86422892972945,8.521516129611156,21,2.2,0.50678
2022-08-04,414.2,414.0,414.7145876251517,8.23569337607626,20,2.19,0.503816
2022-08-05,413.44,413.0,413.90241513267904,8.44081789408682,21,2.21,0.509168
2022-08-08,413.01,413.0,413.57476870970817,8.226350648927989,21,2.23,0.50114
2022-08-09,411.35,411.0,411.82679506131933,8.116657473751712,20,2.23,0.507388
2022-08-10,419.95,420.0,420.4389555661009,8.24407617490694,21,2.24,0.500432
2022-08-11,420.0,420.0,420.4304487703733,7.9441270974276925,20,2.24,0.500024
2022-08-12,427.06,427.0,427.5830688327187,8.340669593997879,21,2.23,0.50212
2022-08-15,428.86,429.0,429.36523022413996,8.415018588891058,22,2.27,0.497032
2022-08-16,429.69,430.0,430.14762947371895,8.066736661128536,21,2.26,0.493724
2022-08-17,426.67,426.0,427.1858392229658,8.497447129573866,21,2.22,0.514036
2022-08-18,427.84,428.0,428.2881704079925,7.79352773428459,20,2.23,0.497376
2022-08-19,422.14,422.0,422.6371700551895,8.07132585892451,21,2.23,0.503752
2022-08-22,413.41,413.0,413.8835561436381,8.032839767135393,21,2.27,0.509232
2022-08-23,412.33,412.0,412.71921377010074,7.7769086430947745,20,2.28,0.505772
2022-08-24,413.63,414.0,413.9901343329447,7.593828655623664,21,2.29,0.490496
2022-08-25,419.5,420.0,419.9660800396299,7.380684769975646,20,2.42,0.491292
2022-08-26,405.31,405.0,405.74010965257196,7.8094924727855135,21,2.39,0.507852
2022-08-29,402.65,403.0,403.08798297346215,7.387714397159304,21,2.45,0.493588
2022-08-30,398.17,398.0,398.52988503319216,7.36742980124607,20,2.43,0.50372
2022-08-31,395.13,395.0,395.5276991148473,7.5253702590524,21,2.4,0.502416
2022-09-01,396.39,396.0,396.7922609664278,7.600876119110991,20,2.53,0.507908
2022-09-02,392.27,392.0,392.7258798973621,7.752793257102828,21,2.49,0.505956
2022-09-05,392.24,392.0,392.6686265417843,,21,,0.505456
2022-09-06,390.79,390.0,391.21875333917257,7.869975153346801,20,2.44,0.5169
2022-09-07,397.79,398.0,398.2246684814447,7.6918793676304995,21,2.3,0.495108
2022-09-08,400.39,400.0,400.8498946991279,7.977749490487834,20,2.57,0.507168
2022-09-09,406.57,407.0,407.0053887564414,7.856183037846253,21,2.57,0.490936
2022-09-12,410.94,411.0,411.3528115022052,8.180445535385658,21,2.62,0.496588
2022-09-13,393.12,393.0,393.6178713332831,7.97636470659706,20,2.55,0.502728
2022-09-14,394.61,395.0,395.15305448346663,7.978751429241102,21,2.54,0.492632
2022-09-15,390.15,390.0,390.56577810052954,8.031012164699197,20,2.76,0.501512
2022-09-16,385.65,386.0,386.1115488023128,7.956056596338804,21,2.68,0.49192
2022-09-19,388.54,388.0,389.0883039845872,8.569773297586373,21,2.62,0.511756
2022-09-20,384.16,384.0,384.7846250770028,8.181712835939816,20,2.57,0.505392
2022-09-21,377.4,378.0,377.8932349550438,7.861333813639953,21,2.59,0.487404
2022-09-22,374.22,374.0,374.7453075311842,8.207982041594313,20,2.73,0.504952
2022-09-23,367.93,368.0,368.4424561823031,8.186136579734809,21,2.67,0.4972
2022-09-26,364.32,364.0,364.8400027127986,8.364081335206555,21,2.73,0.506596
2022-09-27,363.39,364.0,363.95244842255124,7.780679675527651,20,2.71,0.488156
2022-09-28,370.49,370.0,371.05866719584276,8.760189783644423,21,2.63,0.508736
2022-09-29,362.84,362.0,363.3824499225581,8.624402153730875,20,2.78,0.517844
2022-09-30,357.27,357.0,357.7635273620086,8.49949631335913,21,2.79,0.504076
2022-10-03,366.62,366.0,367.27857563767327,9.012623725659259,21,2.87,0.512872
2022-10-04,377.8,378.0,378.433533055141,8.695486745814485,20,2.91,0.495892
2022-10-05,377.12,377.0,377.7589494504431,9.017643633601072,21,2.89,0.502356
2022-10-06,373.21,373.0,373.79598216483646,8.822007663553237,20,3.05,0.504116
2022-10-07,362.91,363.0,363.5239629836213,8.65525365404764,21,3.03,0.497936
2022-10-10,360.07,360.0,360.66028613812745,,21,,0.501164
2022-10-11,357.76,358.0,358.32574913727365,8.22892419967634,20,3.07,0.49426
2022-10-12,356.58,357.0,357.21601647171246,8.328418562328368,21,3.07,0.494388
2022-10-13,365.96,366.0,366.6116694966493,8.685522770135355,20,3.35,0.500324
2022-10-14,357.66,358.0,358.29919561145164,8.591405808084792,21,3.3,0.494144
2022-10-17,366.79,367.0,367.463724653373,8.837159675255299,21,3.3,0.497092
2022-10-18,371.15,371.0,371.70920519472804,8.977501868161964,20,3.25,0.500648
2022-10-19,368.51,369.0,369.2714528205581,8.867633440446708,21,3.31,0.49268
2022-10-20,365.52,366.0,366.1931175202065,8.555953273084807,20,3.58,0.491488
2022-10-21,374.3,374.0,374.9792217875781,9.40753620197991,21,3.55,0.504464
2022-10-24,378.8,379.0,379.393549541645,9.137191754204903,21,3.57,0.494696
2022-10-25,384.81,385.0,385.4413839285433,9.01763246131525,20,3.56,0.496816
2022-10-26,382.12,382.0,382.8297965217544,9.394199631209364,21,3.54,0.504188
2022-10-27,380.17,380.0,380.8089946907392,9.013091169898667,20,3.76,0.504212
2022-10-28,388.97,389.0,389.6119166631365,9.326626803104558,21,3.75,0.499176
2022-10-31,386.15,386.0,386.82470730059816,9.23916164530822,21,3.73,0.503688
2022-11-01,384.59,385.0,385.18948605224534,8.670003134098888,20,3.72,0.492052
2022-11-02,374.86,375.0,375.5456018556465,8.910559366194336,21,3.7,0.497852
2022-11-03,371.09,372.0,371.6478419423794,8.210550967673672,20,3.75,0.483288
2022-11-04,376.36,376.0,376.9306722295257,9.16748097135042,21,3.73,0.50576
2022-11-07,380.01,380.0,380.67691797586514,9.040768477038434,21,3.78,0.501028
2022-11-08,382.0,382.0,382.5758014956819,8.853755524804754,20,3.66,0.500416
2022-11-09,374.09,374.0,374.76784370103496,8.9537774623415,21,3.65,0.502676
2022-11-10,394.62,395.0,395.3521143272999,9.07357626226258,20,3.71,0.494832
2022-11-11,398.61,399.0,399.3308943722015,,21,,0.494036
2022-11-14,395.16,395.0,395.817694032799,9.373539092066435,21,3.72,0.503964
2022-11-15,398.52,399.0,399.15999215794625,8.897059280647714,20,3.77,0.491748
2022-11-16,395.49,395.0,396.12594630713943,9.514524712129209,21,3.81,0.509528
2022-11-17,394.25,394.0,394.82479488514144,9.098503011076284,20,3.93,0.504236
2022-11-18,396.14,396.0,396.8439034906621,9.352316614199658,21,3.93,0.503148
2022-11-21,394.59,395.0,395.29183435127646,8.874907406862704,21,3.97,0.494272
2022-11-22,399.9,400.0,400.4547247657682,8.792518325230867,20,3.97,0.497556
2022-11-23,402.42,402.0,403.0943297606674,9.348174860058693,21,4.12,0.50882
2022-11-24,402.42,402.0,402.9694405582065,,20,,0.508404
2022-11-25,402.33,402.0,402.9495627142789,9.078613869683982,21,4.16,0.50634
2022-11-28,395.93,396.0,396.3857745792785,7.942302632331728,18,4.11,0.496692
2022-11-30,407.54,408.0,408.2201075318941,9.319963820581586,23,4.07,0.49234
2022-12-01,407.4,407.0,408.10040150395054,9.442980111404584,22,4.04,0.508468
2022-12-02,406.87,407.0,407.43529702521255,8.797922842882171,21,3.91,0.497604
2022-12-05,399.58,400.0,399.98712492181664,7.738215883370519,18,3.93,0.489804
2022-12-07,393.11,393.0,393.710920572263,8.973847016014957,23,3.79,0.502376
2022-12-08,396.26,396.0,396.77044250140597,8.80932670931754,22,3.75,0.503604
2022-12-09,393.29,393.0,393.8293508861558,8.566781423581585,21,3.81,0.506692
2022-12-12,398.92,399.0,399.3205634254365,7.566744845050994,18,3.86,0.49726
2022-12-14,399.41,399.0,399.9602078315517,9.184528656872885,23,3.91,0.507224
2022-12-15,389.71,390.0,390.2947551422543,8.513879684985149,22,3.95,0.49466
2022-12-19,380.02,380.0,380.52262599913047,7.867499833862369,18,3.95,0.501696
2022-12-21,386.21,386.0,386.7735199468677,8.9576717048307,23,3.9,0.502804
2022-12-22,380.72,381.0,381.2484034544048,8.475078168433438,22,3.8,0.493588
2022-12-23,382.88,383.0,383.411771630562,8.436301044589603,21,3.8,0.497404
2022-12-26,382.91,383.0,383.4574380741309,,18,,0.498708
2022-12-28,376.71,377.0,377.29131392853867,8.525204511457227,23,3.86,0.494764
2022-12-29,383.33,383.0,384.02250766118703,8.962058192883953,22,4.04,0.5078
2022-12-30,382.44,382.0,383.0182524241067,8.673019276565539,21,4.12,0.508976
