Date,Last
2018-01-02,268.81
2018-01-03,270.47
2018-01-04,271.56
2018-01-05,273.41
2018-01-08,273.94
2018-01-09,274.53
2018-01-10,274.08
2018-01-11,276.09
2018-01-12,277.91
2018-01-16,276.96
2018-01-17,279.61
2018-01-18,279.18
2018-01-19,280.41
2018-01-22,282.69
2018-01-23,283.24
2018-01-24,283.12
2018-01-25,283.3
2018-01-26,286.56
2018-01-29,284.64
2018-01-30,281.6
2018-01-31,282.02
2018-02-01,281.58
2018-02-02,275.52
2018-02-05,263.93
2018-02-06,269.17
2018-02-07,267.63
2018-02-08,257.77
2018-02-09,261.7
2018-02-12,265.22
2018-02-13,266.07
2018-02-14,269.59
2018-02-15,272.93
2018-02-16,273.16
2018-02-20,271.44
2018-02-21,269.97
2018-02-22,270.31
2018-02-23,274.67
2018-02-26,277.88
2018-02-27,274.37
2018-02-28,271.34
2018-03-01,267.7
2018-03-02,269.1
2018-03-05,272.15
2018-03-06,272.95
2018-03-07,272.85
2018-03-08,274.09
2018-03-09,278.76
2018-03-12,278.51
2018-03-13,276.71
2018-03-14,275.24
2018-03-15,275.01
2018-03-16,274.22
2018-03-19,270.61
2018-03-20,270.93
2018-03-21,270.4
2018-03-22,263.75
2018-03-23,258.01
2018-03-26,265.14
2018-03-27,260.5
2018-03-28,259.82
2018-03-29,263.49
2018-04-02,257.54
2018-04-03,260.73
2018-04-04,263.78
2018-04-05,265.59
2018-04-06,259.8
2018-04-09,260.83
2018-04-10,265.05
2018-04-11,263.74
2018-04-12,265.93
2018-04-13,265.09
2018-04-16,267.32
2018-04-17,270.14
2018-04-18,270.37
2018-04-19,268.86
2018-04-20,266.63
2018-04-23,266.57
2018-04-24,263.04
2018-04-25,263.63
2018-04-26,266.24
2018-04-27,266.58
2018-04-30,264.46
2018-05-01,265.01
2018-05-02,263.18
2018-05-03,262.59
2018-05-04,266.01
2018-05-07,266.92
2018-05-08,266.9
2018-05-09,269.48
2018-05-10,272.06
2018-05-11,272.64
2018-05-14,272.91
2018-05-15,271.04
2018-05-16,272.22
2018-05-17,272.03
2018-05-18,271.34
2018-05-21,273.35
2018-05-22,272.57
2018-05-23,273.35
2018-05-24,272.85
2018-05-25,272.18
2018-05-29,269.11
2018-05-30,272.59
2018-05-31,270.76
2018-06-01,273.63
2018-06-04,274.92
2018-06-05,275.19
2018-06-06,277.5
2018-06-07,277.37
2018-06-08,278.15
2018-06-11,278.55
2018-06-12,279.01
2018-06-13,277.91
2018-06-14,278.76
2018-06-15,277.16
2018-06-18,276.57
2018-06-19,275.48
2018-06-20,276.04
2018-06-21,274.21
2018-06-22,274.72
2018-06-25,270.92
2018-06-26,271.55
2018-06-27,269.48
2018-06-28,270.94
2018-06-29,271.2
2018-07-02,272.0
2018-07-03,270.9
2018-07-05,273.06
2018-07-06,275.4
2018-07-09,277.92
2018-07-10,278.84
2018-07-11,276.85
2018-07-12,279.31
2018-07-13,279.58
2018-07-16,279.3
2018-07-17,280.48
2018-07-18,281.07
2018-07-19,279.95
2018-07-20,279.71
2018-07-23,280.24
2018-07-24,281.52
2018-07-25,284.14
2018-07-26,283.26
2018-07-27,281.4
2018-07-30,279.84
2018-07-31,281.19
2018-08-01,280.91
2018-08-02,282.39
2018-08-03,283.63
2018-08-06,284.67
2018-08-07,285.54
2018-08-08,285.42
2018-08-09,285.12
2018-08-10,283.15
2018-08-13,282.0
2018-08-14,283.86
2018-08-15,281.66
2018-08-16,284.07
2018-08-17,285.03
2018-08-20,285.7
2018-08-21,286.33
2018-08-22,286.22
2018-08-23,285.77
2018-08-24,287.54
2018-08-27,289.64
2018-08-28,289.82
2018-08-29,291.51
2018-08-30,290.24
2018-08-31,290.25
2018-09-04,289.86
2018-09-05,289.02
2018-09-06,288.1
2018-09-07,287.55
2018-09-10,288.11
2018-09-11,289.11
2018-09-12,289.19
2018-09-13,290.76
2018-09-14,290.9
2018-09-17,289.32
2018-09-18,290.92
2018-09-19,291.25
2018-09-20,293.6
2018-09-21,292.04
2018-09-24,291.06
2018-09-25,290.73
2018-09-26,289.82
2018-09-27,290.65
2018-09-28,290.6
2018-10-01,291.68
2018-10-02,291.52
2018-10-03,291.72
2018-10-04,289.36
2018-10-05,287.78
2018-10-08,287.8
2018-10-09,287.45
2018-10-10,278.14
2018-10-11,272.28
2018-10-12,276.01
2018-10-15,274.51
2018-10-16,280.45
2018-10-17,280.35
2018-10-18,276.37
2018-10-19,276.17
2018-10-22,275.06
2018-10-23,273.63
2018-10-24,265.02
2018-10-25,270.18
2018-10-26,265.3
2018-10-29,263.77
2018-10-30,267.85
2018-10-31,270.69
2018-11-01,273.56
2018-11-02,271.77
2018-11-05,273.37
2018-11-06,275.11
2018-11-07,280.99
2018-11-08,280.43
2018-11-09,277.86
2018-11-12,272.46
2018-11-13,272.06
2018-11-14,270.11
2018-11-15,273.05
2018-11-16,273.7
2018-11-19,269.11
2018-11-20,264.19
2018-11-21,265.09
2018-11-23,263.25
2018-11-26,267.46
2018-11-27,268.34
2018-11-28,274.51
2018-11-29,273.96
2018-11-30,275.87
2018-12-03,279.22
2018-12-04,270.32
2018-12-05,270.25
2018-12-06,269.84
2018-12-07,263.63
2018-12-10,264.1
2018-12-11,264.13
2018-12-12,265.49
2018-12-13,265.39
2018-12-14,260.52
2018-12-17,255.3
2018-12-18,255.13
2018-12-19,251.25
2018-12-20,247.29
2018-12-21,240.72
2018-12-24,234.34
2018-12-26,246.02
2018-12-27,248.21
2018-12-28,247.8
2018-12-31,250.1
2019-01-02,250.2
2019-01-03,244.09
2019-01-04,252.44
2019-01-07,254.29
2019-01-08,256.72
2019-01-09,257.8
2019-01-10,258.96
2019-01-11,258.91
2019-01-14,257.45
2019-01-15,260.36
2019-01-16,260.9
2019-01-17,263.0
2019-01-18,266.44
2019-01-22,262.91
2019-01-23,263.31
2019-01-24,263.57
2019-01-25,265.74
2019-01-28,263.81
2019-01-29,263.44
2019-01-30,267.55
2019-01-31,269.97
2019-02-01,270.09
2019-02-04,272.02
2019-02-05,273.17
2019-02-06,272.72
2019-02-07,270.22
2019-02-08,270.54
2019-02-11,270.68
2019-02-12,274.1
2019-02-13,274.95
2019-02-14,274.34
2019-02-15,277.37
2019-02-19,277.82
2019-02-20,278.39
2019-02-21,277.39
2019-02-22,279.13
2019-02-25,279.46
2019-02-26,279.28
2019-02-27,279.24
2019-02-28,278.54
2019-03-04,279.46
2019-03-05,279.09
2019-03-06,277.27
2019-03-07,275.07
2019-03-08,274.51
2019-03-11,278.53
2019-03-12,279.4
2019-03-13,281.33
2019-03-14,281.21
2019-03-15,281.32
2019-03-18,282.43
2019-03-19,282.47
2019-03-20,281.56
2019-03-21,284.66
2019-03-22,279.3
2019-03-25,279.04
2019-03-26,280.99
2019-03-27,279.72
2019-03-28,280.74
2019-03-29,282.69
2019-04-01,285.85
2019-04-02,285.98
2019-04-03,286.51
2019-04-04,287.23
2019-04-05,288.55
2019-04-08,288.86
2019-04-09,287.3
2019-04-10,288.29
2019-04-11,288.23
2019-04-12,290.17
2019-04-15,289.98
2019-04-16,290.18
2019-04-17,289.48
2019-04-18,290.02
2019-04-22,290.3
2019-04-23,292.87
2019-04-24,292.24
2019-04-25,292.1
2019-04-26,293.48
2019-04-29,293.8
2019-04-30,294.0
2019-05-01,291.81
2019-05-02,291.26
2019-05-03,294.04
2019-05-06,292.86
2019-05-07,288.02
2019-05-08,287.56
2019-05-09,286.73
2019-05-10,287.98
2019-05-13,280.99
2019-05-14,283.3
2019-05-15,285.04
2019-05-16,287.55
2019-05-17,285.91
2019-05-20,284.03
2019-05-21,286.45
2019-05-22,285.64
2019-05-23,282.32
2019-05-28,280.17
2019-05-29,278.27
2019-05-30,278.98
2019-05-31,275.37
2019-06-03,274.61
2019-06-04,280.53
2019-06-05,282.88
2019-06-06,284.78
2019-06-10,288.98
2019-06-11,288.9
2019-06-12,288.3
2019-06-13,289.58
2019-06-14,289.23
2019-06-17,289.48
2019-06-18,292.33
2019-06-19,293.05
2019-06-20,295.87
2019-06-21,294.01
2019-06-24,293.67
2019-06-25,290.78
2019-06-26,290.51
2019-06-27,291.52
2019-06-28,293.08
2019-07-01,295.59
2019-07-02,296.45
2019-07-03,298.8
2019-07-05,298.26
2019-07-08,296.86
2019-07-09,297.23
2019-07-10,298.61
2019-07-11,299.32
2019-07-12,300.65
2019-07-15,300.84
2019-07-16,299.78
2019-07-17,297.78
2019-07-18,298.83
2019-07-19,297.22
2019-07-22,297.83
2019-07-23,299.97
2019-07-24,301.41
2019-07-25,299.96
2019-07-26,301.98
2019-07-29,301.49
2019-07-30,300.79
2019-07-31,297.21
2019-08-01,295.0
2019-08-02,292.62
2019-08-05,284.02
2019-08-06,287.8
2019-08-07,288.16
2019-08-08,293.59
2019-08-09,291.62
2019-08-12,288.12
2019-08-13,292.42
2019-08-14,283.96
2019-08-15,284.67
2019-08-16,288.85
2019-08-19,292.32
2019-08-20,290.02
2019-08-21,292.4
2019-08-22,292.32
2019-08-23,284.83
2019-08-26,287.96
2019-08-27,286.85
2019-08-28,288.8
2019-08-29,292.59
2019-08-30,292.45
2019-09-03,290.75
2019-09-04,293.99
2019-09-05,297.82
2019-09-06,298.1
2019-09-09,298.2
2019-09-10,298.09
2019-09-11,300.3
2019-09-12,301.37
2019-09-13,300.99
2019-09-16,300.2
2019-09-17,300.95
2019-09-18,301.1
2019-09-19,301.05
2019-09-20,298.09
2019-09-23,298.28
2019-09-24,295.91
2019-09-25,297.59
2019-09-26,296.99
2019-09-27,295.38
2019-10-01,293.32
2019-10-02,288.16
2019-10-03,290.45
2019-10-04,294.3
2019-10-07,293.1
2019-10-08,288.65
2019-10-09,291.11
2019-10-10,293.29
2019-10-11,296.26
2019-10-14,296.03
2019-10-15,298.88
2019-10-16,298.46
2019-10-17,299.21
2019-10-18,298.09
2019-10-21,300.03
2019-10-22,299.0
2019-10-23,299.83
2019-10-24,300.42
2019-10-25,301.59
2019-10-28,303.34
2019-10-29,303.14
2019-10-30,304.21
2019-10-31,303.29
2019-11-01,306.19
2019-11-04,307.37
2019-11-05,307.04
2019-11-06,307.07
2019-11-07,308.21
2019-11-08,308.97
2019-11-11,308.36
2019-11-12,308.96
2019-11-13,309.15
2019-11-14,309.54
2019-11-15,311.81
2019-11-18,311.98
2019-11-19,311.9
2019-11-20,310.83
2019-11-21,310.3
2019-11-22,311.02
2019-11-25,313.33
2019-11-26,314.02
2019-11-27,315.42
2019-11-29,314.31
2019-12-02,311.66
2019-12-03,309.51
2019-12-04,311.5
2019-12-05,312.09
2019-12-06,314.83
2019-12-09,313.9
2019-12-10,313.58
2019-12-11,314.33
2019-12-12,317.08
2019-12-13,317.29
2019-12-16,319.49
2019-12-17,319.57
2019-12-18,319.56
2019-12-19,320.87
2019-12-20,320.85
2019-12-23,321.27
2019-12-24,321.23
2019-12-26,322.94
2019-12-27,322.85
2019-12-30,321.13
2019-12-31,321.86
2020-01-02,324.87
2020-01-03,322.43
2020-01-06,323.68
2020-01-07,322.74
2020-01-08,324.39
2020-01-09,326.59
2020-01-10,325.64
2020-01-13,327.92
2020-01-14,327.42
2020-01-15,328.16
2020-01-16,330.86
2020-01-17,332.01
2020-01-21,331.29
2020-01-22,331.35
2020-01-23,331.8
2020-01-24,328.74
2020-01-27,323.51
2020-01-28,326.88
2020-01-29,326.62
2020-01-30,327.62
2020-01-31,321.75
2020-02-03,324.12
2020-02-04,329.06
2020-02-05,332.84
2020-02-06,333.93
2020-02-07,332.24
2020-02-10,334.75
2020-02-11,335.27
2020-02-12,337.44
2020-02-13,337.17
2020-02-14,337.6
2020-02-18,336.73
2020-02-19,338.32
2020-02-20,336.99
2020-02-21,333.45
2020-02-24,322.42
2020-02-25,312.59
2020-02-26,311.61
2020-02-27,297.68
2020-02-28,296.24
2020-03-02,308.9
2020-03-03,300.32
2020-03-04,313.05
2020-03-05,302.51
2020-03-06,297.46
2020-03-09,274.48
2020-03-10,288.39
2020-03-11,274.25
2020-03-12,247.91
2020-03-13,270.94
2020-03-16,239.75
2020-03-17,254.1
2020-03-18,241.23
2020-03-19,240.94
2020-03-20,228.95
2020-03-23,222.21
2020-03-24,242.0
2020-03-25,246.79
2020-03-26,261.14
2020-03-27,254.0
2020-03-30,261.56
2020-03-31,257.6
2020-04-01,246.04
2020-04-02,251.99
2020-04-03,247.95
2020-04-06,264.79
2020-04-07,265.18
2020-04-08,274.0
2020-04-09,278.22
2020-04-13,275.63
2020-04-14,283.8
2020-04-15,277.75
2020-04-16,278.96
2020-04-17,286.56
2020-04-20,281.76
2020-04-21,273.11
2020-04-22,279.04
2020-04-23,279.01
2020-04-24,282.89
2020-04-27,287.1
2020-04-28,285.69
2020-04-29,293.15
2020-04-30,290.26
2020-05-01,282.83
2020-05-04,283.59
2020-05-05,286.15
2020-05-06,284.37
2020-05-07,287.7
2020-05-08,292.51
2020-05-11,292.62
2020-05-12,286.55
2020-05-13,281.48
2020-05-14,285.04
2020-05-15,286.29
2020-05-18,294.94
2020-05-19,292.21
2020-05-20,296.99
2020-05-21,294.84
2020-05-22,295.48
2020-05-26,299.2
2020-05-27,303.55
2020-05-28,303.02
2020-05-29,304.04
2020-06-01,305.45
2020-06-02,308.08
2020-06-03,312.09
2020-06-04,311.34
2020-06-05,319.4
2020-06-08,323.15
2020-06-09,320.94
2020-06-10,319.03
2020-06-11,300.69
2020-06-12,304.33
2020-06-15,307.11
2020-06-16,312.95
2020-06-17,311.66
2020-06-19,308.53
2020-06-22,310.67
2020-06-23,311.99
2020-06-24,304.15
2020-06-25,307.31
2020-06-26,299.98
2020-06-29,304.44
2020-06-30,308.57
2020-07-01,310.6
2020-07-02,312.22
2020-07-06,317.01
2020-07-07,313.75
2020-07-08,316.16
2020-07-09,314.57
2020-07-10,317.62
2020-07-13,314.85
2020-07-14,318.89
2020-07-15,321.98
2020-07-16,320.86
2020-07-17,321.7
2020-07-20,324.27
2020-07-21,324.9
2020-07-22,326.82
2020-07-23,322.96
2020-07-24,320.91
2020-07-27,323.29
2020-07-28,321.27
2020-07-29,325.01
2020-07-30,323.96
2020-07-31,326.42
2020-08-03,328.67
2020-08-04,330.06
2020-08-05,332.03
2020-08-06,334.31
2020-08-07,334.57
2020-08-10,335.56
2020-08-11,332.8
2020-08-12,337.43
2020-08-13,336.82
2020-08-14,336.85
2020-08-17,337.9
2020-08-18,338.58
2020-08-19,337.13
2020-08-20,338.31
2020-08-21,339.45
2020-08-24,342.89
2020-08-25,344.12
2020-08-26,347.63
2020-08-27,348.33
2020-08-28,350.57
2020-08-31,349.37
2020-09-01,352.67
2020-09-02,357.78
2020-09-03,345.53
2020-09-04,342.52
2020-09-08,333.24
2020-09-09,339.78
2020-09-10,333.92
2020-09-11,334.1
2020-09-14,338.44
2020-09-15,340.12
2020-09-16,338.88
2020-09-17,335.84
2020-09-18,330.75
2020-09-21,327.13
2020-09-22,330.3
2020-09-23,322.54
2020-09-24,323.42
2020-09-25,328.68
2020-09-28,334.25
2020-09-29,332.43
2020-09-30,334.87
2020-10-01,336.97
2020-10-02,334.02
2020-10-05,339.75
2020-10-06,334.95
2020-10-07,340.75
2020-10-08,343.65
2020-10-09,346.73
2020-10-12,352.36
2020-10-13,350.17
2020-10-14,347.93
2020-10-15,347.54
2020-10-16,347.24
2020-10-19,342.13
2020-10-20,343.32
2020-10-21,342.65
2020-10-22,344.67
2020-10-23,345.64
2020-10-26,339.52
2020-10-27,338.33
2020-10-28,326.67
2020-10-29,330.0
2020-10-30,326.74
2020-11-02,330.16
2020-11-03,335.91
2020-11-04,343.46
2020-11-05,350.21
2020-11-06,350.19
2020-11-09,354.53
2020-11-10,354.07
2020-11-11,356.72
2020-11-12,353.33
2020-11-13,358.1
2020-11-16,362.45
2020-11-17,360.72
2020-11-18,356.25
2020-11-19,357.78
2020-11-20,355.34
2020-11-23,357.54
2020-11-24,363.22
2020-11-25,362.49
2020-11-30,362.31
2020-12-01,365.97
2020-12-02,366.82
2020-12-03,366.68
2020-12-04,369.81
2020-12-07,369.14
2020-12-08,370.2
2020-12-09,366.95
2020-12-10,366.77
2020-12-11,366.24
2020-12-14,364.66
2020-12-15,369.59
2020-12-16,370.17
2020-12-17,372.24
2020-12-18,369.23
2020-12-21,367.65
2020-12-22,367.24
2020-12-23,367.57
2020-12-28,372.22
2020-12-29,371.57
2020-12-30,371.99
2020-12-31,373.93
2021-01-04,368.84
2021-01-05,371.31
2021-01-06,373.49
2021-01-07,379.06
2021-01-08,381.24
2021-01-11,378.75
2021-01-12,378.82
2021-01-13,379.75
2021-01-14,378.45
2021-01-15,375.67
2021-01-19,378.64
2021-01-20,383.85
2021-01-21,384.19
2021-01-22,382.82
2021-01-25,384.4
2021-01-26,383.83
2021-01-27,374.34
2021-01-28,377.63
2021-01-29,370.25
2021-02-01,376.19
2021-02-02,381.47
2021-02-03,381.87
2021-02-04,386.18
2021-02-05,387.66
2021-02-08,390.52
2021-02-09,390.27
2021-02-10,390.09
2021-02-11,390.71
2021-02-12,392.73
2021-02-16,392.4
2021-02-17,392.43
2021-02-18,390.83
2021-02-19,390.03
2021-02-22,387.1
2021-02-23,387.52
2021-02-24,391.77
2021-02-25,382.3
2021-02-26,380.36
2021-03-01,389.52
2021-03-02,386.55
2021-03-03,381.46
2021-03-04,376.68
2021-03-05,383.6
2021-03-08,381.73
2021-03-09,387.11
2021-03-10,389.48
2021-03-11,393.48
2021-03-12,394.02
2021-03-15,396.46
2021-03-16,395.94
2021-03-17,397.24
2021-03-18,391.34
2021-03-19,389.47
2021-03-22,392.53
2021-03-23,389.59
2021-03-24,387.49
2021-03-25,389.62
2021-03-26,395.84
2021-03-29,395.76
2021-03-30,394.78
2021-03-31,396.19
2021-04-01,400.53
2021-04-05,406.27
2021-04-06,406.06
2021-04-07,406.57
2021-04-08,408.48
2021-04-09,411.44
2021-04-12,411.63
2021-04-13,412.79
2021-04-14,411.5
2021-04-15,415.83
2021-04-16,417.35
2021-04-19,415.24
2021-04-20,412.22
2021-04-21,416.08
2021-04-22,412.35
2021-04-23,416.71
2021-04-26,417.65
2021-04-27,417.46
2021-04-28,417.39
2021-04-29,419.99
2021-04-30,417.28
2021-05-03,418.17
2021-05-04,415.64
2021-05-05,415.72
2021-05-06,419.05
2021-05-07,422.07
2021-05-10,417.91
2021-05-11,414.27
2021-05-12,405.57
2021-05-13,410.27
2021-05-14,416.54
2021-05-17,415.52
2021-05-18,411.94
2021-05-19,410.89
2021-05-20,415.1
2021-05-21,414.97
2021-05-24,419.12
2021-05-25,418.25
2021-05-26,419.02
2021-05-27,419.2
2021-05-28,420.05
2021-06-01,419.64
2021-06-02,420.37
2021-06-03,418.82
2021-06-04,422.56
2021-06-07,422.23
2021-06-08,422.27
2021-06-09,421.65
2021-06-10,423.61
2021-06-11,424.34
2021-06-14,425.33
2021-06-15,424.51
2021-06-16,422.09
2021-06-17,421.89
2021-06-18,414.93
2021-06-21,420.84
2021-06-22,423.09
2021-06-23,422.64
2021-06-24,425.1
2021-06-25,426.63
2021-06-28,427.49
2021-06-29,427.69
2021-06-30,428.14
2021-07-01,430.5
2021-07-02,433.76
2021-07-06,432.88
2021-07-07,434.5
2021-07-08,430.87
2021-07-09,435.44
2021-07-12,437.2
2021-07-13,435.72
2021-07-14,436.29
2021-07-15,434.65
2021-07-16,431.38
2021-07-19,424.93
2021-07-20,431.07
2021-07-21,434.55
2021-07-22,435.51
2021-07-23,439.9
2021-07-26,440.99
2021-07-27,439.04
2021-07-28,438.86
2021-07-29,440.67
2021-07-30,438.5
2021-08-02,437.6
2021-08-03,441.17
2021-08-04,439.02
2021-08-05,441.73
2021-08-06,442.47
2021-08-09,442.14
2021-08-10,442.67
2021-08-11,443.73
2021-08-12,445.06
2021-08-13,445.92
2021-08-16,447.06
2021-08-17,443.95
2021-08-18,439.25
2021-08-19,439.87
2021-08-20,443.36
2021-08-23,447.27
2021-08-24,447.96
2021-08-25,448.88
2021-08-26,446.33
2021-08-27,450.25
2021-08-30,452.18
2021-08-31,451.6
2021-09-01,451.85
2021-09-02,453.21
2021-09-03,453.08
2021-09-07,451.52
2021-09-08,450.97
2021-09-09,448.89
2021-09-10,445.52
2021-09-13,446.56
2021-09-14,444.19
2021-09-15,447.88
2021-09-16,447.15
2021-09-17,441.52
2021-09-20,434.01
2021-09-21,433.74
2021-09-22,437.78
2021-09-23,443.13
2021-09-24,443.92
2021-09-27,442.67
2021-09-28,433.66
2021-09-29,434.37
2021-09-30,429.0
2021-10-01,434.19
2021-10-04,428.7
2021-10-05,433.06
2021-10-06,434.9
2021-10-07,438.62
2021-10-08,437.83
2021-10-11,434.69
2021-10-12,433.64
2021-10-13,435.18
2021-10-14,442.47
2021-10-15,445.87
2021-10-18,447.25
2021-10-19,450.7
2021-10-20,452.39
2021-10-21,453.63
2021-10-22,453.15
2021-10-25,455.48
2021-10-26,455.96
2021-10-27,453.92
2021-10-28,458.27
2021-10-29,459.22
2021-11-01,460.07
2021-11-02,461.87
2021-11-03,464.73
2021-11-04,466.86
2021-11-05,468.53
2021-11-08,468.99
2021-11-09,467.38
2021-11-10,463.67
2021-11-11,463.81
2021-11-12,467.25
2021-11-15,467.47
2021-11-16,469.17
2021-11-17,468.12
2021-11-18,469.72
2021-11-19,468.91
2021-11-22,467.41
2021-11-23,468.29
2021-11-24,469.44
2021-11-26,458.97
2021-11-29,464.54
2021-11-30,456.06
2021-12-01,450.44
2021-12-02,457.53
2021-12-03,453.48
2021-12-06,458.82
2021-12-07,468.29
2021-12-08,469.54
2021-12-09,466.35
2021-12-10,470.68
2021-12-13,466.71
2021-12-14,463.45
2021-12-15,470.59
2021-12-16,466.42
2021-12-17,459.86
2021-12-20,454.99
2021-12-21,463.01
2021-12-22,467.71
2021-12-23,470.57
2021-12-27,477.26
2021-12-28,476.92
2021-12-29,477.48
2021-12-30,476.14
2021-12-31,475.08
2022-01-03,477.77
2022-01-04,477.56
2022-01-05,468.46
2022-01-06,467.93
2022-01-07,466.02
2022-01-10,465.44
2022-01-11,469.63
2022-01-12,470.96
2022-01-13,464.78
2022-01-14,464.66
2022-01-17,464.72
2022-01-18,456.59
2022-01-19,451.81
2022-01-20,446.65
2022-01-21,438.16
2022-01-24,439.88
2022-01-25,434.51
2022-01-26,433.21
2022-01-27,431.16
2022-01-28,441.85
2022-01-31,449.88
2022-02-01,452.88
2022-02-02,457.23
2022-02-03,446.66
2022-02-04,448.6
2022-02-07,447.24
2022-02-08,450.82
2022-02-09,457.36
2022-02-10,449.28
2022-02-11,440.47
2022-02-14,438.98
2022-02-15,445.94
2022-02-16,446.65
2022-02-17,437.17
2022-02-18,434.16
2022-02-21,434.23
2022-02-22,429.65
2022-02-23,421.97
2022-02-24,428.06
2022-02-25,437.66
2022-02-28,436.52
2022-03-01,429.99
2022-03-02,437.79
2022-03-03,435.67
2022-03-04,432.25
2022-03-07,419.55
2022-03-08,416.38
2022-03-09,427.36
2022-03-10,425.49
2022-03-11,420.09
2022-03-14,416.98
2022-03-15,426.05
2022-03-16,435.65
2022-03-17,440.76
2022-03-18,444.27
2022-03-21,444.38
2022-03-22,449.59
2022-03-23,443.84
2022-03-24,450.42
2022-03-25,452.55
2022-03-28,455.85
2022-03-29,461.51
2022-03-30,458.41
2022-03-31,451.77
2022-04-01,452.92
2022-04-04,456.7
2022-04-05,451.06
2022-04-06,446.58
2022-04-07,448.79
2022-04-08,447.63
2022-04-11,440.03
2022-04-12,438.29
2022-04-13,443.37
2022-04-14,437.94
2022-04-15,437.79
2022-04-18,437.95
2022-04-19,444.89
2022-04-20,444.6
2022-04-21,438.05
2022-04-22,426.06
2022-04-25,428.5
2022-04-26,416.17
2022-04-27,417.21
2022-04-28,427.86
2022-04-29,412.13
2022-05-02,414.55
2022-05-03,416.37
2022-05-04,428.97
2022-05-05,414.15
2022-05-06,411.41
2022-05-09,398.33
2022-05-10,399.18
2022-05-12,392.37
2022-05-13,401.58
2022-05-16,400.16
2022-05-17,408.26
2022-05-18,392.11
2022-05-19,389.46
2022-05-20,389.59
2022-05-23,396.83
2022-05-24,393.97
2022-05-25,397.36
2022-05-26,405.2
2022-05-27,415.31
2022-05-30,415.26
2022-05-31,412.8
2022-06-01,409.64
2022-06-02,417.37
2022-06-03,410.59
2022-06-06,411.76
2022-06-07,415.69
2022-06-08,411.28
2022-06-09,401.48
2022-06-10,389.81
2022-06-13,375.01
2022-06-14,373.83
2022-06-15,379.15
2022-06-16,366.89
2022-06-20,365.86
2022-06-21,375.08
2022-06-22,374.35
2022-06-23,378.12
2022-06-27,388.66
2022-06-28,380.72
2022-06-29,380.37
2022-06-30,377.28
2022-07-01,381.2
2022-07-04,381.24
2022-07-05,381.95
2022-07-06,383.31
2022-07-07,388.97
2022-07-08,388.69
2022-07-11,384.33
2022-07-12,380.87
2022-07-13,378.87
2022-07-14,377.96
2022-07-15,385.09
2022-07-18,381.99
2022-07-19,392.28
2022-07-20,394.76
2022-07-21,398.82
2022-07-22,395.1
2022-07-25,395.54
2022-07-26,390.92
2022-07-27,401.01
2022-07-28,406.04
2022-07-29,412.05
2022-08-01,410.72
2022-08-02,408.13
2022-08-03,414.41
2022-08-04,414.2
2022-08-05,413.44
2022-08-08,413.01
2022-08-09,411.35
2022-08-10,419.95
2022-08-11,420.0
2022-08-12,427.06
2022-08-15,428.86
2022-08-16,429.69
2022-08-17,426.67
2022-08-18,427.84
2022-08-19,422.14
2022-08-22,413.41
2022-08-23,412.33
2022-08-24,413.63
2022-08-25,419.5
2022-08-26,405.31
2022-08-29,402.65
2022-08-30,398.17
2022-08-31,395.13
2022-09-01,396.39
2022-09-02,392.27
2022-09-05,392.24
2022-09-06,390.79
2022-09-07,397.79
2022-09-08,400.39
2022-09-09,406.57
2022-09-12,410.94
2022-09-13,393.12
2022-09-14,394.61
2022-09-15,390.15
2022-09-16,385.65
2022-09-19,388.54
2022-09-20,384.16
2022-09-21,377.4
2022-09-22,374.22
2022-09-23,367.93
2022-09-26,364.32
2022-09-27,363.39
2022-09-28,370.49
2022-09-29,362.84
2022-09-30,357.27
2022-10-03,366.62
2022-10-04,377.8
2022-10-05,377.12
2022-10-06,373.21
2022-10-07,362.91
2022-10-10,360.07
2022-10-11,357.76
2022-10-12,356.58
2022-10-13,365.96
2022-10-14,357.66
2022-10-17,366.79
2022-10-18,371.15
2022-10-19,368.51
2022-10-20,365.52
2022-10-21,374.3
2022-10-24,378.8
2022-10-25,384.81
2022-10-26,382.12
2022-10-27,380.17
2022-10-28,388.97
2022-10-31,386.15
2022-11-01,384.59
2022-11-02,374.86
2022-11-03,371.09
2022-11-04,376.36
2022-11-07,380.01
2022-11-08,382.0
2022-11-09,374.09
2022-11-10,394.62
2022-11-11,398.61
2022-11-14,395.16
2022-11-15,398.52
2022-11-16,395.49
2022-11-17,394.25
2022-11-18,396.14
2022-11-21,394.59
2022-11-22,399.9
2022-11-23,402.42
2022-11-24,402.42
2022-11-25,402.33
2022-11-28,395.93
2022-11-29,395.31
2022-11-30,407.54
2022-12-01,407.4
2022-12-02,406.87
2022-12-05,399.58
2022-12-06,393.87
2022-12-07,393.11
2022-12-08,396.26
2022-12-09,393.29
2022-12-12,398.92
2022-12-13,401.95
2022-12-14,399.41
2022-12-15,389.71
2022-12-19,380.02
2022-12-20,380.49
2022-12-21,386.21
2022-12-22,380.72
2022-12-23,382.88
2022-12-26,382.91
2022-12-27,381.38
2022-12-28,376.71
2022-12-29,383.33
2022-12-30,382.44
2023-01-03,380.82
2023-01-04,383.71
2023-01-05,379.38
2023-01-06,388.04
2023-01-09,387.88
2023-01-10,390.62
2023-01-11,395.49
2023-01-12,396.93
2023-01-13,398.47
2023-01-17,397.77
2023-01-18,391.53
2023-01-19,388.61
2023-01-20,395.88
2023-01-23,400.63
2023-01-24,400.23
2023-01-25,400.32
2023-01-26,404.73
2023-01-27,405.68
2023-01-30,400.58
2023-01-31,406.44
2023-02-01,410.73
2023-02-02,416.61
2023-02-03,412.36
2023-02-06,409.94
2023-02-07,415.22
2023-02-08,410.72
2023-02-09,407.11
2023-02-10,408.04
2023-02-13,412.81
2023-02-14,412.68
2023-02-15,413.99
2023-02-16,408.33
2023-02-17,407.26
2023-02-21,399.11
2023-02-22,398.52
2023-02-23,400.66
2023-02-24,396.46
2023-02-27,397.7
2023-02-28,396.31
2023-03-01,394.76
2023-03-02,397.72
2023-03-03,404.13
2023-03-06,404.48
2023-03-07,398.31
2023-03-08,398.86
2023-03-09,391.63
2023-03-10,385.89
2023-03-13,385.29
2023-03-14,391.69
2023-03-15,389.23
2023-03-16,396.0
2023-03-17,390.14
2023-03-20,393.58
2023-03-21,398.79
2023-03-22,392.16
2023-03-23,393.15
2023-03-24,395.73
2023-03-27,396.46
2023-03-28,395.65
2023-03-29,401.33
2023-03-30,403.69
2023-03-31,409.39
2023-04-03,410.93
2023-04-04,408.67
2023-04-05,407.66
2023-04-06,409.21
2023-04-10,409.66
2023-04-11,409.7
2023-04-12,408.05
2023-04-13,413.46
2023-04-14,412.5
2023-04-17,413.95
2023-04-18,414.21
2023-04-19,414.21
2023-04-20,411.88
2023-04-21,412.18
2023-04-24,412.64
2023-04-25,406.12
2023-04-26,404.37
2023-04-27,412.41
2023-04-28,415.92
2023-05-01,415.53
2023-05-02,410.85
2023-05-03,407.97
2023-05-04,405.19
2023-05-05,412.66
2023-05-08,412.8
2023-05-09,410.97
2023-05-10,412.77
2023-05-11,412.17
2023-05-12,411.65
2023-05-15,413.02
2023-05-16,410.26
2023-05-17,415.24
2023-05-18,419.24
2023-05-19,418.6
2023-05-22,418.77
2023-05-23,414.06
2023-05-24,411.09
2023-05-25,414.63
2023-05-26,419.97
2023-05-30,420.13
2023-05-31,417.8
2023-06-01,421.82
2023-06-02,427.9
2023-06-05,427.09
2023-06-06,428.03
2023-06-07,426.59
2023-06-08,429.13
2023-06-09,429.93
2023-06-12,433.79
2023-06-13,436.68
2023-06-14,437.15
2023-06-15,442.61
2023-06-16,439.35
2023-06-20,437.22
2023-06-21,434.91
2023-06-22,436.55
2023-06-23,433.2
2023-06-26,431.42
2023-06-27,436.14
2023-06-28,436.38
2023-06-29,438.14
2023-06-30,443.23
2023-07-03,443.79
2023-07-05,443.14
2023-07-06,439.68
2023-07-07,438.53
2023-07-10,439.65
2023-07-11,442.48
2023-07-12,446.0
2023-07-13,449.56
2023-07-14,449.24
2023-07-17,450.84
2023-07-18,454.19
2023-07-19,455.22
2023-07-20,452.19
2023-07-21,452.18
2023-07-24,454.2
2023-07-25,455.44
2023-07-26,455.5
2023-07-27,452.49
2023-07-28,456.88
2023-07-31,457.79
2023-08-01,456.45
2023-08-02,450.13
2023-08-03,448.85
2023-08-04,446.81
2023-08-07,450.71
2023-08-08,448.75
2023-08-09,445.75
2023-08-10,445.97
2023-08-11,445.58
2023-08-14,448.04
2023-08-15,442.89
2023-08-16,439.64
2023-08-17,436.26
2023-08-18,436.48
2023-08-21,439.33
2023-08-22,438.15
2023-08-23,443.03
2023-08-24,436.92
2023-08-25,439.95
2023-08-28,442.7
2023-08-29,449.11
2023-08-30,450.93
2023-08-31,450.29
2023-09-01,451.19
2023-09-05,449.3
2023-09-06,446.14
2023-09-07,444.85
2023-09-08,445.49
2023-09-11,448.45
2023-09-12,445.98
2023-09-13,446.51
2023-09-14,450.4
2023-09-15,443.35
2023-09-18,443.63
2023-09-19,442.71
2023-09-20,438.63
2023-09-21,431.53
2023-09-22,430.39
2023-09-25,432.23
2023-09-26,425.85
2023-09-27,426.02
2023-09-28,428.52
2023-09-29,427.4
2023-10-02,427.36
2023-10-03,421.68
2023-10-04,424.69
2023-10-05,424.47
2023-10-06,429.58
2023-10-09,432.27
2023-10-10,434.52
2023-10-11,436.31
2023-10-12,433.73
2023-10-13,431.55
2023-10-16,436.04
2023-10-17,436.09
2023-10-18,430.24
2023-10-19,426.45
2023-10-20,421.21
2023-10-23,420.44
2023-10-24,423.58
2023-10-25,417.61
2023-10-26,412.61
2023-10-27,410.69
2023-10-30,415.66
2023-10-31,418.2
2023-11-01,422.69
2023-11-02,430.77
2023-11-03,434.73
2023-11-06,435.7
2023-11-07,436.87
2023-11-08,437.25
2023-11-09,433.87
2023-11-10,440.71
2023-11-13,440.22
2023-11-14,448.76
2023-11-15,449.69
2023-11-16,450.21
2023-11-17,450.78
2023-11-20,454.26
2023-11-21,453.31
2023-11-22,455.08
2023-11-24,455.3
2023-11-27,454.51
2023-11-28,454.9
2023-11-29,454.63
2023-11-30,456.23
2023-12-01,459.02
2023-12-04,456.66
2023-12-05,456.57
2023-12-06,454.74
2023-12-07,458.24
2023-12-08,460.14
2023-12-11,462.0
2023-12-12,464.19
2023-12-13,470.53
2023-12-14,472.02
2023-12-15,469.41
2023-12-18,472.0
2023-12-19,474.8
2023-12-20,468.07
2023-12-21,472.7
2023-12-22,473.68
2023-12-26,475.61
2023-12-27,476.47
2023-12-28,476.73
2023-12-29,475.31
